seed,variant,portfolio_size,f1,f2,f3,p95,hv,ood,nominal,portfolio,pack,buffer
0,Full C-R-EoH,4,796.1335,850.9934,33.3401,881.4184,1.1025,40.2917,762.0091,4,0.9699,0.3414
0,No OWA risk objective,3,796.1335,850.9934,33.3401,881.4184,1.1025,40.2917,762.0091,3,0.9699,0.3414
0,No stability objective,1,796.1335,850.9934,33.3401,881.4184,1.1025,40.2917,762.0091,1,0.9699,0.3414
0,No robustness buffer,4,796.6658,853.0577,33.9718,882.6417,1.0838,40.198,762.0091,4,0.8753,0.0
0,No Pareto archive (scalarised),1,796.1335,850.9934,33.3401,881.4184,1.1025,40.2917,762.0091,1,0.9699,0.3414
0,No alpha-cut ensemble (modal only),2,830.0103,935.6039,66.355,983.2511,0.3818,47.8186,755.0228,2,1.0783,0.0681
1,Full C-R-EoH,6,786.7505,866.4967,52.786,900.2929,1.1025,56.4126,740.8679,6,0.9723,0.2811
1,No OWA risk objective,6,786.7505,866.4967,52.786,900.2929,1.1025,56.4126,740.8679,6,0.9723,0.2811
1,No stability objective,1,786.7505,866.4967,52.786,900.2929,1.1025,56.4126,740.8679,1,0.9723,0.2811
1,No robustness buffer,3,789.7356,873.2721,55.134,903.3757,1.0299,55.8214,740.8679,3,0.8717,0.0422
1,No Pareto archive (scalarised),1,786.7505,866.4967,52.786,900.2929,1.1025,56.4126,740.8679,1,0.9723,0.2811
1,No alpha-cut ensemble (modal only),1,810.5473,952.3352,98.1571,1002.6187,0.3675,65.3916,705.6848,1,1.12,0.2278
2,Full C-R-EoH,4,786.396,839.2743,35.1077,842.6088,1.1025,28.6439,744.3388,4,1.0623,0.7422
2,No OWA risk objective,4,786.396,839.2743,35.1077,842.6088,1.1025,28.6439,744.3388,4,1.0623,0.7422
2,No stability objective,1,786.396,839.2743,35.1077,842.6088,1.1025,28.6439,744.3388,1,1.0623,0.7422
2,No robustness buffer,3,790.12,846.7631,37.1717,863.2455,0.996,27.7129,744.3388,3,0.8609,0.0
2,No Pareto archive (scalarised),1,786.396,839.2743,35.1077,842.6088,1.1025,28.6439,744.3388,1,1.0623,0.7422
2,No alpha-cut ensemble (modal only),1,806.4826,912.119,69.4553,933.8733,0.3146,38.5893,714.0486,1,1.0245,0.0061
3,Full C-R-EoH,6,785.2818,859.5337,49.5398,900.2858,1.1025,58.7259,727.7394,6,0.8888,0.1259
3,No OWA risk objective,6,785.2818,859.5337,49.5398,900.2858,1.1025,58.7259,727.7394,6,0.8888,0.1259
3,No stability objective,1,785.2818,859.5337,49.5398,900.2858,1.1025,58.7259,727.7394,1,0.8888,0.1259
3,No robustness buffer,3,786.4441,862.569,50.7629,909.7221,1.0781,58.4914,727.7394,3,0.821,0.0
3,No Pareto archive (scalarised),1,785.2818,859.5337,49.5398,900.2858,1.1025,58.7259,727.7394,1,0.8888,0.1259
3,No alpha-cut ensemble (modal only),1,806.1162,937.4278,91.0988,984.6498,0.5705,68.2693,687.7394,1,0.9882,0.0
4,Full C-R-EoH,7,950.6579,1038.7604,60.522,1088.1633,1.0953,56.2442,876.0665,7,0.9341,0.5091
4,No OWA risk objective,6,928.1381,1048.7172,79.4227,1116.5115,1.0953,71.8869,836.0665,6,1.12,0.611
4,No stability objective,2,950.6579,1038.7604,60.522,1088.1633,1.0953,56.2442,876.0665,2,0.9341,0.5091
4,No robustness buffer,5,952.5009,1042.6981,62.6086,1086.2018,1.0632,57.469,876.0665,5,0.7554,0.0428
4,No Pareto archive (scalarised),1,928.1381,1048.7172,79.4227,1116.5115,1.0552,71.8869,836.0665,1,1.12,0.611
4,No alpha-cut ensemble (modal only),1,950.9435,1126.9154,120.9487,1195.6771,0.5779,79.3322,796.0665,1,1.044,0.1384
5,Full C-R-EoH,4,775.9091,831.9838,35.1701,873.9733,1.1025,48.1918,732.4204,4,1.0563,0.5207
5,No OWA risk objective,4,775.9091,831.9838,35.1701,873.9733,1.1025,48.1918,732.4204,4,1.0563,0.5207
5,No stability objective,2,775.9091,831.9838,35.1701,873.9733,1.1025,48.1918,732.4204,2,1.0563,0.5207
5,No robustness buffer,3,777.7055,836.3998,37.2361,880.5806,1.052,47.8671,732.4204,3,0.8531,0.0
5,No Pareto archive (scalarised),1,775.9091,831.9838,35.1701,873.9733,1.1025,48.1918,732.4204,1,1.0563,0.5207
5,No alpha-cut ensemble (modal only),1,792.2173,901.3282,70.1869,975.3286,0.4825,59.0262,692.4204,1,0.9978,0.0
6,Full C-R-EoH,4,837.2702,903.0101,40.7471,927.5196,1.1006,55.822,781.2696,4,0.9203,0.4581
6,No OWA risk objective,4,817.3146,915.6879,60.0042,957.7744,1.1006,73.0748,741.2696,4,0.9254,0.1419
6,No stability objective,2,837.2702,903.0101,40.7471,927.5196,1.1006,55.822,781.2696,2,0.9203,0.4581
6,No robustness buffer,4,837.6636,904.2383,41.1779,932.158,1.0937,55.7386,781.2696,4,0.7288,0.0
6,No Pareto archive (scalarised),1,837.2702,903.0101,40.7471,927.5196,1.0471,55.822,781.2696,1,0.9203,0.4581
6,No alpha-cut ensemble (modal only),1,846.6246,999.5161,94.3593,1063.3615,0.7581,80.0758,707.0897,1,1.12,0.1909
7,Full C-R-EoH,5,760.5318,804.1169,31.2805,807.2253,1.1025,38.1466,722.5319,5,0.8612,0.1162
7,No OWA risk objective,5,760.5318,804.1169,31.2805,807.2253,1.1025,38.1466,722.5319,5,0.8612,0.1162
7,No stability objective,1,760.5318,804.1169,31.2805,807.2253,1.1025,38.1466,722.5319,1,0.8612,0.1162
7,No robustness buffer,4,761.9141,808.123,32.6267,808.7286,1.0788,38.0165,722.5319,4,0.8208,0.0
7,No Pareto archive (scalarised),1,760.5318,804.1169,31.2805,807.2253,1.1025,38.1466,722.5319,1,0.8612,0.1162
7,No alpha-cut ensemble (modal only),9,763.9947,854.2651,62.7011,865.6149,0.8719,51.9185,682.5319,9,1.0,0.0
8,Full C-R-EoH,7,695.9365,751.6029,33.8958,799.5901,1.1025,34.6691,653.7613,7,1.043,0.476
8,No OWA risk objective,6,695.9365,751.6029,33.8958,799.5901,1.1025,34.6691,653.7613,6,1.043,0.476
8,No stability objective,2,695.9365,751.6029,33.8958,799.5901,1.1025,34.6691,653.7613,2,1.043,0.476
8,No robustness buffer,4,696.1844,751.616,33.785,799.5901,1.1019,34.6211,653.7613,4,0.9287,0.0
8,No Pareto archive (scalarised),1,695.9365,751.6029,33.8958,799.5901,1.1025,34.6691,653.7613,1,1.043,0.476
8,No alpha-cut ensemble (modal only),1,722.8159,798.4995,49.2014,848.7418,0.6963,34.9287,653.7613,1,1.0,0.0
9,Full C-R-EoH,5,885.6929,968.2382,53.3476,990.8043,1.0901,59.0277,820.2994,5,1.0246,0.5544
9,No OWA risk objective,5,880.4093,1016.7153,84.3754,1059.4968,1.0901,72.4762,780.2994,5,0.912,0.0
9,No stability objective,3,885.6929,968.2382,53.3476,990.8043,1.0901,59.0277,820.2994,3,1.0246,0.5544
9,No robustness buffer,2,890.5907,981.2683,57.8987,1002.8831,1.0066,58.3955,820.2994,2,0.813,0.0
9,No Pareto archive (scalarised),1,885.6929,968.2382,53.3476,990.8043,1.0555,59.0277,820.2994,1,1.0246,0.5544
9,No alpha-cut ensemble (modal only),13,926.0519,1075.785,98.809,1120.5731,0.7874,67.5829,780.2994,13,1.0,0.0
10,Full C-R-EoH,7,837.2741,895.9733,38.7461,923.1916,1.0968,37.9516,790.3944,7,1.0495,0.9263
10,No OWA risk objective,8,818.4683,906.6325,55.834,961.9261,1.0968,54.3907,750.3944,8,0.8693,0.0
10,No stability objective,5,837.2741,895.9733,38.7461,923.1916,1.0968,37.9516,790.3944,5,1.0495,0.9263
10,No robustness buffer,6,818.4774,904.6235,54.3242,951.3993,1.063,54.389,750.3944,6,0.9007,0.0317
10,No Pareto archive (scalarised),1,837.2741,895.9733,38.7461,923.1916,0.9918,37.9516,790.3944,1,1.0495,0.9263
10,No alpha-cut ensemble (modal only),1,849.1636,987.4731,91.3253,1057.9791,0.4155,61.7637,727.8027,1,1.031,0.0
11,Full C-R-EoH,5,770.7195,829.805,42.7337,861.7109,1.1025,38.0817,723.41,5,0.9403,0.3765
11,No OWA risk objective,6,770.7195,829.805,42.7337,861.7109,1.1025,38.0817,723.41,6,0.9403,0.3765
11,No stability objective,3,770.7195,829.805,42.7337,861.7109,1.1025,38.0817,723.41,3,0.9403,0.3765
11,No robustness buffer,3,774.7059,841.0705,46.638,889.4011,1.0335,37.7401,723.41,3,0.8439,0.0
11,No Pareto archive (scalarised),1,770.7195,829.805,42.7337,861.7109,1.1025,38.0817,723.41,1,0.9403,0.3765
11,No alpha-cut ensemble (modal only),1,782.9044,895.9113,81.1353,943.5532,0.7578,49.9829,683.41,1,0.9769,0.0
12,Full C-R-EoH,6,811.4518,912.5749,65.0349,953.313,1.0939,68.6739,738.6776,6,0.8565,0.0
12,No OWA risk objective,4,811.1509,912.9529,64.8504,950.68,1.0935,68.7364,738.6776,4,0.9084,0.1481
12,No stability objective,3,834.595,905.6246,47.4283,928.3318,1.0939,51.4986,778.6776,3,0.7363,0.0
12,No robustness buffer,3,834.595,905.6246,47.4283,928.3318,1.0918,51.4986,778.6776,3,0.7363,0.0
12,No Pareto archive (scalarised),1,811.4518,912.5749,65.0349,953.313,1.046,68.6739,738.6776,1,0.8565,0.0
12,No alpha-cut ensemble (modal only),2,839.5529,998.1531,107.1423,1057.8518,0.3063,76.1303,701.9841,2,1.0674,0.1047
13,Full C-R-EoH,7,870.5503,962.8253,58.5825,988.8567,1.096,59.0197,807.7172,7,1.0542,0.673
13,No OWA risk objective,7,866.1932,1018.172,94.7502,1083.7733,1.096,72.5189,767.7172,7,0.9878,0.1994
13,No stability objective,2,870.5503,962.8253,58.5825,988.8567,1.096,59.0197,807.7172,2,1.0542,0.673
13,No robustness buffer,6,872.9704,971.6662,62.488,1008.245,1.0293,58.7976,807.7172,6,0.769,0.0
13,No Pareto archive (scalarised),1,870.5503,962.8253,58.5825,988.8567,1.0796,59.0197,807.7172,1,1.0542,0.673
13,No alpha-cut ensemble (modal only),4,869.9576,1027.3018,99.0297,1096.4968,0.7262,71.7731,767.7172,4,0.9092,0.0
14,Full C-R-EoH,6,884.8413,965.1626,53.9337,1011.7749,1.0994,60.6019,826.6266,6,0.8675,0.1911
14,No OWA risk objective,6,882.4474,1012.2748,85.3878,1070.5565,1.0994,73.5029,786.6266,6,0.9676,0.0565
14,No stability objective,3,884.8413,965.1626,53.9337,1011.7749,1.0994,60.6019,826.6266,3,0.8675,0.1911
14,No robustness buffer,4,889.7914,978.2722,58.3565,1041.0678,1.0186,61.4215,826.6266,4,0.823,0.0
14,No Pareto archive (scalarised),1,884.8413,965.1626,53.9337,1011.7749,1.0897,60.6019,826.6266,1,0.8675,0.1911
14,No alpha-cut ensemble (modal only),4,910.6619,1049.5982,96.6714,1089.9073,0.7826,69.6262,786.6266,4,1.0,0.0
15,Full C-R-EoH,5,783.8259,857.0407,46.8331,877.8087,1.1025,45.0223,741.3633,5,0.9497,0.3045
15,No OWA risk objective,4,783.8259,857.0407,46.8331,877.8087,1.1025,45.0223,741.3633,4,0.9497,0.3045
15,No stability objective,1,783.8259,857.0407,46.8331,877.8087,1.1025,45.0223,741.3633,1,0.9497,0.3045
15,No robustness buffer,5,785.3346,864.3792,49.1689,890.5567,1.0603,44.7436,741.3633,5,0.8748,0.0028
15,No Pareto archive (scalarised),1,783.8259,857.0407,46.8331,877.8087,1.1025,45.0223,741.3633,1,0.9497,0.3045
15,No alpha-cut ensemble (modal only),1,801.245,934.3004,86.928,969.0207,0.676,55.5621,710.2719,1,1.12,0.2656
16,Full C-R-EoH,7,860.5917,935.8719,53.9279,940.7913,1.0996,49.125,806.6929,7,0.7767,0.0
16,No OWA risk objective,6,850.3027,965.2263,80.6131,988.4943,1.0996,63.6259,766.6929,6,1.0226,0.2262
16,No stability objective,2,860.5917,935.8719,53.9279,940.7913,1.0996,49.125,806.6929,2,0.7767,0.0
16,No robustness buffer,4,860.5917,935.8719,53.9279,940.7913,1.0843,49.125,806.6929,4,0.7767,0.0
16,No Pareto archive (scalarised),1,860.5917,935.8719,53.9279,940.7913,1.0696,49.125,806.6929,1,0.7767,0.0
16,No alpha-cut ensemble (modal only),13,888.2887,1035.1643,105.707,1063.1388,0.9971,62.5378,766.6929,13,1.0,0.0
17,Full C-R-EoH,3,771.7976,836.2698,43.5621,862.5264,1.1025,40.058,725.974,3,1.1176,0.8811
17,No OWA risk objective,3,771.7976,836.2698,43.5621,862.5264,1.1025,40.058,725.974,3,1.1176,0.8811
17,No stability objective,1,771.7976,836.2698,43.5621,862.5264,1.1025,40.058,725.974,1,1.1176,0.8811
17,No robustness buffer,3,778.6237,851.8074,48.406,890.6908,0.9469,41.0254,725.974,3,0.8471,0.0
17,No Pareto archive (scalarised),1,771.7976,836.2698,43.5621,862.5264,1.1025,40.058,725.974,1,1.1176,0.8811
17,No alpha-cut ensemble (modal only),1,781.5745,901.7919,82.6459,956.9963,0.5844,52.3627,685.974,1,1.0,0.0
18,Full C-R-EoH,5,853.1733,940.0647,56.4516,966.2765,1.0915,53.0684,800.5676,5,0.7597,0.0
18,No OWA risk objective,5,837.481,968.1077,83.0974,1023.749,1.0915,68.919,760.5676,5,1.12,0.5199
18,No stability objective,3,853.1733,940.0647,56.4516,966.2765,1.0915,53.0684,800.5676,3,0.7597,0.0
18,No robustness buffer,5,853.1733,940.0647,56.4516,966.2765,1.0772,53.0684,800.5676,5,0.7597,0.0
18,No Pareto archive (scalarised),1,853.1733,940.0647,56.4516,966.2765,1.0247,53.0684,800.5676,1,0.7597,0.0
18,No alpha-cut ensemble (modal only),1,882.1831,1070.3211,123.0757,1130.9307,0.2998,72.8286,751.4189,1,1.0502,0.0
19,Full C-R-EoH,4,826.6384,908.6029,53.0301,936.4799,1.1015,40.3578,769.2578,4,1.0162,0.3626
19,No OWA risk objective,5,826.6384,908.6029,53.0301,936.4799,1.1015,40.3578,769.2578,5,1.0162,0.3626
19,No stability objective,2,851.7262,907.8289,38.4264,918.8093,1.1015,25.6928,809.2578,2,0.8361,0.1904
19,No robustness buffer,4,830.3032,914.2437,55.4014,943.8299,1.026,39.7383,769.2578,4,0.9285,0.0319
19,No Pareto archive (scalarised),1,826.6384,908.6029,53.0301,936.4799,1.0963,40.3578,769.2578,1,1.0162,0.3626
19,No alpha-cut ensemble (modal only),2,834.9109,927.8026,60.3041,959.4975,1.0667,39.1096,769.2578,2,0.9851,0.2026
20,Full C-R-EoH,4,741.1185,810.1667,47.627,840.8358,1.0994,54.8771,696.0347,4,0.9142,0.3844
20,No OWA risk objective,4,737.7446,862.8957,83.1356,933.9241,1.0994,70.4957,656.0347,4,0.9258,0.0
20,No stability objective,2,741.1185,810.1667,47.627,840.8358,1.0994,54.8771,696.0347,2,0.9142,0.3844
20,No robustness buffer,2,754.5471,850.0521,62.4443,907.6195,0.9202,60.8581,696.0347,2,0.861,0.0092
20,No Pareto archive (scalarised),1,741.1185,810.1667,47.627,840.8358,1.0878,54.8771,696.0347,1,0.9142,0.3844
20,No alpha-cut ensemble (modal only),10,737.9042,862.9604,83.2778,933.9241,0.8657,70.4588,656.0347,10,0.9425,0.0
21,Full C-R-EoH,7,791.633,866.3265,46.4516,913.0396,1.1025,56.8327,739.5753,7,0.918,0.213
21,No OWA risk objective,4,791.633,866.3265,46.4516,913.0396,1.1025,56.8327,739.5753,4,0.918,0.213
21,No stability objective,1,791.633,866.3265,46.4516,913.0396,1.1025,56.8327,739.5753,1,0.918,0.213
21,No robustness buffer,2,793.1774,869.579,47.3049,919.8151,1.0796,56.5273,739.5753,2,0.8537,0.0
21,No Pareto archive (scalarised),1,791.633,866.3265,46.4516,913.0396,1.1025,56.8327,739.5753,1,0.918,0.213
21,No alpha-cut ensemble (modal only),1,818.1408,949.61,84.5635,1015.8246,0.6174,65.1964,707.8681,1,1.0217,0.0
22,Full C-R-EoH,4,759.9983,810.8383,35.4406,836.5576,1.1025,46.1953,724.2811,4,0.9715,0.5063
22,No OWA risk objective,4,759.9983,810.8383,35.4406,836.5576,1.1025,46.1953,724.2811,4,0.9715,0.5063
22,No stability objective,1,759.9983,810.8383,35.4406,836.5576,1.1025,46.1953,724.2811,1,0.9715,0.5063
22,No robustness buffer,2,764.0984,823.5972,39.5407,862.1193,0.954,46.4601,724.2811,2,0.8536,0.0
22,No Pareto archive (scalarised),1,759.9983,810.8383,35.4406,836.5576,1.1025,46.1953,724.2811,1,0.9715,0.5063
22,No alpha-cut ensemble (modal only),6,765.6305,870.9702,71.6924,924.6194,0.5995,59.4871,684.2811,6,1.12,0.319
23,Full C-R-EoH,6,811.8303,889.555,51.5454,918.1794,1.1025,71.7737,749.1516,6,0.8635,0.0
23,No OWA risk objective,6,811.8303,889.555,51.5454,918.1794,1.1025,71.7737,749.1516,6,0.8635,0.0
23,No stability objective,1,811.8303,889.555,51.5454,918.1794,1.1025,71.7737,749.1516,1,0.8635,0.0
23,No robustness buffer,3,811.8303,889.555,51.5454,918.1794,1.1025,71.7737,749.1516,3,0.8635,0.0
23,No Pareto archive (scalarised),1,811.8303,889.555,51.5454,918.1794,1.1025,71.7737,749.1516,1,0.8635,0.0
23,No alpha-cut ensemble (modal only),1,855.2018,988.5458,96.2138,1022.5568,0.7314,75.9246,723.3803,1,1.1144,0.1173
24,Full C-R-EoH,12,847.8609,938.3068,59.7285,978.3063,1.0915,63.7077,775.4781,12,0.8882,0.3739
24,No OWA risk objective,9,832.3684,967.2798,83.2534,1036.3557,1.0914,79.97,735.4781,9,1.12,0.5316
24,No stability objective,4,847.8609,938.3068,59.7285,978.3063,1.0915,63.7077,775.4781,4,0.8882,0.3739
24,No robustness buffer,6,851.585,949.6543,63.3294,1004.0028,1.0267,63.6194,775.4781,6,0.7448,0.0
24,No Pareto archive (scalarised),1,847.8609,938.3068,59.7285,978.3063,1.0256,63.7077,775.4781,1,0.8882,0.3739
24,No alpha-cut ensemble (modal only),1,869.275,1061.7013,129.5274,1141.9584,0.3396,84.9833,697.2713,1,1.0103,0.0
25,Full C-R-EoH,3,720.7578,776.7386,36.6624,790.6716,1.0823,29.1356,697.5773,3,0.8647,0.3533
25,No OWA risk objective,4,699.1791,793.6627,57.6967,826.679,1.0823,48.5716,657.5773,4,1.0716,0.4092
25,No stability objective,3,720.7578,776.7386,36.6624,790.6716,1.0823,29.1091,697.5773,3,0.8554,0.3011
25,No robustness buffer,2,720.7745,776.7942,36.6808,790.8689,1.0725,29.182,697.5773,2,0.8153,0.0
25,No Pareto archive (scalarised),1,720.7578,776.7386,36.6624,790.6716,0.9424,29.1091,697.5773,1,0.8554,0.3011
25,No alpha-cut ensemble (modal only),2,700.1051,796.6842,59.3709,831.178,0.9341,48.3751,657.5773,2,0.9438,0.0
26,Full C-R-EoH,4,848.3049,956.1078,65.7693,1021.1038,1.082,52.4581,790.0103,4,0.7389,0.0
26,No OWA risk objective,4,832.3799,991.5123,95.9,1105.8904,1.082,68.5734,750.0103,4,0.8833,0.0
26,No stability objective,2,848.3049,956.1078,65.7693,1021.1038,1.082,52.4581,790.0103,2,0.7389,0.0
26,No robustness buffer,3,848.3049,956.1078,65.7693,1021.1038,1.082,52.4581,790.0103,3,0.7389,0.0
26,No Pareto archive (scalarised),1,848.3049,956.1078,65.7693,1021.1038,1.0039,52.4581,790.0103,1,0.7389,0.0
26,No alpha-cut ensemble (modal only),2,866.8824,1088.4153,136.9987,1215.8904,0.1976,74.5532,726.3639,2,1.0508,0.0
27,Full C-R-EoH,5,770.0194,837.378,44.8537,845.1818,1.1025,50.1138,730.6994,5,1.0847,0.744
27,No OWA risk objective,3,770.0194,837.378,44.8537,845.1818,1.1025,50.1138,730.6994,3,1.0847,0.744
27,No stability objective,1,770.0194,837.378,44.8537,845.1818,1.1025,50.1138,730.6994,1,1.0847,0.744
27,No robustness buffer,5,770.7862,841.0559,46.131,848.0661,1.082,49.9645,730.6994,5,0.8222,0.0
27,No Pareto archive (scalarised),1,770.0194,837.378,44.8537,845.1818,1.1025,50.1138,730.6994,1,1.0847,0.744
27,No alpha-cut ensemble (modal only),1,780.4215,909.9168,86.6604,931.3716,0.7334,62.208,690.6994,1,0.9923,0.0
28,Full C-R-EoH,6,924.033,1063.2625,91.0582,1099.3517,1.0948,61.4833,843.758,6,0.901,0.4909
28,No OWA risk objective,6,902.8791,1079.2313,111.9771,1153.9327,1.0948,77.3618,803.758,6,1.017,0.4508
28,No stability objective,3,924.033,1063.2625,91.0582,1099.3517,1.0948,61.4833,843.758,3,0.901,0.4909
28,No robustness buffer,2,903.5564,1081.3954,112.4181,1170.0396,1.0213,77.2289,803.758,2,0.7847,0.0468
28,No Pareto archive (scalarised),1,924.033,1063.2625,91.0582,1099.3517,0.9773,61.4833,843.758,1,0.901,0.4909
28,No alpha-cut ensemble (modal only),3,960.0037,1279.0978,211.3158,1373.9327,0.1259,89.7246,759.395,3,1.1023,0.0392
29,Full C-R-EoH,9,750.1281,785.0944,25.2076,793.1579,1.0679,23.5056,725.8091,9,0.8849,0.2762
29,No OWA risk objective,9,739.2691,813.1984,51.0795,835.1668,1.0679,40.0479,685.8091,9,0.9848,0.0058
29,No stability objective,3,750.1281,785.0944,25.2076,793.1579,1.0679,23.5283,725.8091,3,0.9049,0.3364
29,No robustness buffer,9,750.1576,785.1928,25.2371,793.1579,1.0668,24.0699,725.8091,9,0.832,0.0001
29,No Pareto archive (scalarised),1,750.1281,785.0944,25.2076,793.1579,0.977,23.5283,725.8091,1,0.9049,0.3364
29,No alpha-cut ensemble (modal only),1,739.2691,813.1984,51.0795,835.1668,0.7982,40.0479,685.8091,1,0.9848,0.0058
