seed,selector,f1,f2,f3,p95,hv,ood,nominal,pack,buffer,portfolio_size
0,Deterministic AHD (nominal),838.8215036695761,959.1330615103717,74.76138362523768,984.977690516707,0.30105815193912316,47.81857769212198,755.0227950700365,1.078297987063009,0.06810455851809191,1
0,Robust min-max (Wald),802.7118677978879,868.5146617668316,39.549891231187495,884.3592000841525,1.0734801578501638,40.19798560537668,762.0091180280145,0.8752685333525483,0.0,1
0,Min-max regret (Savage),804.0952597386607,873.1259682360754,41.41842509844861,890.0298517890421,1.0296631586045983,39.9110685975644,762.0091180280145,0.9400042151542999,0.16504157826508906,1
0,Budgeted robust ($\Gamma$=2 zones),802.2737766224453,867.0543578486901,38.980372703112245,883.9228946114767,1.0874815489386755,40.193941188295305,762.0091180280147,0.910894777613973,0.1333113521455732,1
0,SAA mean-CVaR ($\beta$=0.90),801.8059475683817,865.4949276684779,38.37219493282947,883.1278301621643,1.1025,40.29172734663465,762.0091180280147,0.9698783140001443,0.3413876130148323,1
0,Iterated racing (irace-style),801.8059475683817,865.4949276684779,38.37219493282947,883.1278301621643,1.1025,40.29172734663465,762.0091180280147,0.9698783140001443,0.3413876130148323,1
0,Choice-function hyper-heuristic,801.8059475683817,865.4949276684779,38.37219493282947,883.1278301621643,1.1025,40.29172734663465,762.0091180280147,0.9698783140001443,0.3413876130148323,1
0,C-R-EoH (fuzzy MO evaluator),801.8059475683817,865.4949276684779,38.37219493282947,883.1278301621643,1.1025,40.29172734663465,762.0091180280147,0.9698783140001443,0.3413876130148323,5
1,Deterministic AHD (nominal),766.8551187109986,909.763558883173,91.36149789436404,997.767134344999,0.5657619674235856,65.39157490759922,705.6847679189585,1.12,0.2277949967923892,1
1,Robust min-max (Wald),797.2332042845154,863.7377399309802,44.779450675002245,899.1068537379996,0.7159777393316115,37.18024496613063,780.867893024254,0.9139192220550422,0.49093473119214925,1
1,Min-max regret (Savage),761.8539995842661,839.1403909301492,49.86232550472809,893.1318551913861,1.0908573545874813,56.1747703289318,740.8678930242543,1.0965386237160029,0.6569330453198009,1
1,Budgeted robust ($\Gamma$=2 zones),797.2332042845154,863.7377399309802,44.77945067500225,899.1068537379995,0.7159777393316115,37.038511838903986,780.8678930242542,0.9325161531647219,0.5907667271756825,1
1,SAA mean-CVaR ($\beta$=0.90),762.5684814693959,841.5219972139148,50.64825557837072,903.7911282015507,1.0690511845596016,56.08239096170796,740.867893024254,1.0752671120616175,0.5210706531435413,1
1,Iterated racing (irace-style),761.4745224916362,837.8754672880495,49.44490070283516,889.7273532256836,1.1025,56.412602936393085,740.8678930242543,0.9722972034059961,0.2811497834359532,1
1,Choice-function hyper-heuristic,761.4745224916362,837.8754672880495,49.44490070283516,889.7273532256836,1.1025,56.412602936393085,740.8678930242543,0.9722972034059961,0.2811497834359532,1
1,C-R-EoH (fuzzy MO evaluator),761.4745224916362,837.8754672880495,49.44490070283516,889.7273532256836,1.1025,56.412602936393085,740.8678930242543,0.9722972034059961,0.2811497834359532,4
2,Deterministic AHD (nominal),820.7682210249659,905.0885034565009,58.268200843713295,911.7135600316317,0.3023329972519147,38.58929932935915,714.0486414408936,1.0244928467002252,0.0061317907150771345,1
2,Robust min-max (Wald),826.4459309907127,862.0354013826003,25.168637756759004,864.6854240126527,0.5704993656475901,17.169966206189358,784.3387782172662,0.8938826070560424,0.6102095388140862,1
2,Min-max regret (Savage),791.5414017477603,830.0703353118797,28.261932557874292,830.0060133422733,1.1025,28.64385567475885,744.3387782172662,1.0623353787524565,0.7422478362191804,1
2,Budgeted robust ($\Gamma$=2 zones),791.5414017477603,830.0703353118797,28.261932557874292,830.0060133422733,1.1025,28.64385567475885,744.3387782172662,1.0623353787524565,0.7422478362191804,1
2,SAA mean-CVaR ($\beta$=0.90),791.5414017477603,830.0703353118797,28.261932557874292,830.0060133422733,1.1025,28.64385567475885,744.3387782172662,1.0623353787524565,0.7422478362191804,1
2,Iterated racing (irace-style),793.2551249573528,834.7725164025927,29.893246930339462,831.5752000611786,1.043369614110063,28.16071465498723,744.3387782172662,0.9481301528655179,0.38114519816335657,1
2,Choice-function hyper-heuristic,794.3355114969166,836.490690090619,30.63621095508438,837.584541359694,1.0181521457440255,28.054286709931134,744.3387782172662,0.8967383562266555,0.1387429926144042,1
2,C-R-EoH (fuzzy MO evaluator),793.2551249573528,834.7725164025927,29.893246930339462,831.5752000611786,1.043369614110063,28.16071465498723,744.3387782172662,0.9481301528655179,0.38114519816335657,4
3,Deterministic AHD (nominal),800.1105143377058,916.4724692650151,84.07722986562045,964.6816236591686,0.6359687350971659,68.26929459424244,687.7394121620803,0.988173561145037,0.0,1
3,Robust min-max (Wald),815.6558194415786,867.5514549407608,37.97458351626928,891.3587127017695,0.8217662689013981,40.48791590430382,767.7394121620803,1.0733144764440345,0.9140161597485378,1
3,Min-max regret (Savage),782.9471431225285,847.7981813056263,45.265907197219164,902.9512501215376,1.0957565556228288,58.70314563665536,727.7394121620803,0.9130599040754038,0.15669742358898672,1
3,Budgeted robust ($\Gamma$=2 zones),785.543865365617,852.6547846204381,46.924224151150874,896.162195921854,1.0536978267623183,58.19417237326134,727.7394121620804,1.099915799770772,0.6249517538804557,1
3,SAA mean-CVaR ($\beta$=0.90),784.1605153617054,849.4516900012077,45.5408741472394,895.3125241957259,1.0795852595650681,58.49191103086044,727.7394121620803,1.12,0.7296315504173279,1
3,Iterated racing (irace-style),782.9471431225285,847.7981813056263,45.265907197219164,902.9512501215376,1.0957565556228288,58.70314563665536,727.7394121620803,0.9130599040754038,0.15669742358898672,1
3,Choice-function hyper-heuristic,782.9471431225285,847.7981813056263,45.265907197219164,902.9512501215376,1.0957565556228288,58.70314563665536,727.7394121620803,0.9130599040754038,0.15669742358898672,1
3,C-R-EoH (fuzzy MO evaluator),783.1653796193866,848.4350531956246,45.67919617465227,900.2105189826123,1.0957565556228288,58.67877471072472,727.7394121620804,0.904606351647568,0.18766623392179316,6
4,Deterministic AHD (nominal),950.028201596798,1136.680440150673,120.81955290882243,1195.677066606386,0.5826446814132543,79.33215570328868,796.0664803661883,1.0440060938487477,0.13843776577555436,1
4,Robust min-max (Wald),951.4025583488017,1045.5119357285123,61.324537370933925,1088.1633297661303,0.9362687742680735,56.24416719862124,876.0664803661884,0.9341300256849276,0.509137611920133,1
4,Min-max regret (Savage),931.6370672232069,1067.0251577242768,85.72216307042751,1114.046152849574,0.987379316661688,71.41650552346489,836.0664803661884,1.0779363385194782,0.5179065100094298,1
4,Budgeted robust ($\Gamma$=2 zones),951.4025583488017,1045.5119357285123,61.324537370933925,1088.1633297661303,0.9362687742680735,56.24416719862124,876.0664803661884,0.9341300256849276,0.509137611920133,1
4,SAA mean-CVaR ($\beta$=0.90),951.4025583488017,1045.5119357285123,61.324537370933925,1088.1633297661303,0.9362687742680735,56.24416719862124,876.0664803661884,0.9341300256849276,0.509137611920133,1
4,Iterated racing (irace-style),929.4464573209009,1059.9601771647817,82.75803741628594,1116.5114505800345,1.035313074905157,71.8868788345301,836.0664803661886,1.12,0.6110382505170454,1
4,Choice-function hyper-heuristic,929.4464573209009,1059.9601771647817,82.75803741628594,1116.5114505800345,1.035313074905157,71.8868788345301,836.0664803661886,1.12,0.6110382505170454,1
4,C-R-EoH (fuzzy MO evaluator),929.4464573209009,1059.9601771647817,82.75803741628594,1116.5114505800345,1.0923697823930387,71.8868788345301,836.0664803661886,1.12,0.6110382505170454,3
5,Deterministic AHD (nominal),797.7830719069701,912.1919257957555,72.6376073316845,978.5418297380318,0.46181397893103615,59.026236981858275,692.4204471182866,0.9977767931492916,0.0,1
5,Robust min-max (Wald),780.8410494541002,840.5397638738672,36.69395598681531,878.9054894807053,1.0925119515739847,48.14514820625508,732.4204471182866,0.8980053344066677,0.10734518903790796,1
5,Min-max regret (Savage),781.201978234167,840.9072475512863,37.16311849148731,885.1535532196928,1.086400627852275,48.0182766767728,732.4204471182865,0.9786582227529403,0.3314899113569584,1
5,Budgeted robust ($\Gamma$=2 zones),780.8410494541002,840.5397638738672,36.69395598681531,878.9054894807053,1.0925119515739847,48.14514820625508,732.4204471182866,0.8980053344066677,0.10734518903790796,1
5,SAA mean-CVaR ($\beta$=0.90),780.8410494541002,840.5397638738672,36.69395598681531,878.9054894807053,1.0925119515739847,48.14514820625508,732.4204471182866,0.8980053344066677,0.10734518903790796,1
5,Iterated racing (irace-style),780.5655322999551,840.8815801743734,36.54130652779871,875.7246397663531,1.092355872200438,48.191764594953156,732.4204471182866,1.0563006713305183,0.5207314047894209,1
5,Choice-function hyper-heuristic,780.8410494541002,840.5397638738672,36.69395598681531,878.9054894807053,1.0925119515739847,48.14514820625508,732.4204471182866,0.8980053344066677,0.10734518903790796,1
5,C-R-EoH (fuzzy MO evaluator),780.5655322999551,840.8815801743734,36.54130652779871,875.7246397663531,1.092355872200438,48.191764594953156,732.4204471182866,1.0563006713305183,0.5207314047894209,3
6,Deterministic AHD (nominal),845.5239398518501,1005.1429127736446,106.01749884104943,1032.7617626355664,0.7434336331381217,80.07575937141443,707.089725514609,1.12,0.19094209331831613,1
6,Robust min-max (Wald),835.1335232861359,904.5435965770131,47.32944848759958,917.3635807425679,1.0442670459568035,55.73861491545556,781.2695797923892,0.7287794897889521,0.0,1
6,Min-max regret (Savage),834.7668263839214,904.4248447054705,46.92608189516396,919.8915576214398,1.0456110579377182,55.788875267991855,781.2695797923891,0.7441730595231029,0.0,1
6,Budgeted robust ($\Gamma$=2 zones),834.8334316057859,904.2538660754881,46.999347639214776,917.3423594479219,1.0459028803303034,55.789324154156795,781.2695797923892,0.88536139736389,0.3640441716647647,1
6,SAA mean-CVaR ($\beta$=0.90),834.6253204969423,903.5601623793431,46.77042541948687,917.1342483390785,1.0484105553891059,55.82197825960093,781.2695797923891,0.9203342184913187,0.45808931135359676,1
6,Iterated racing (irace-style),815.1040552715662,914.2649910344659,64.3949724114761,940.8867222504332,1.0711466832295684,73.0748206070756,741.2695797923891,0.9254300442095656,0.14186204920316153,1
6,Choice-function hyper-heuristic,815.1040552715662,914.2649910344659,64.3949724114761,940.8867222504332,1.0711466832295684,73.0748206070756,741.2695797923891,0.9254300442095656,0.14186204920316153,1
6,C-R-EoH (fuzzy MO evaluator),834.6253204969423,903.5601623793431,46.77042541948687,917.1342483390785,1.100961783681794,55.82197825960093,781.2695797923891,0.9203342184913187,0.45808931135359676,4
7,Deterministic AHD (nominal),762.5002103388256,842.4309320880765,58.82323133526528,860.577133751136,0.9048651304021093,51.918490480544655,682.5319447635784,1.0,0.0,1
7,Robust min-max (Wald),761.3485587438801,801.2135079147835,30.154952694713984,806.4674869079445,1.091248185079492,38.02974150974807,722.5319447635785,0.9034292684056007,0.27016885761347487,1
7,Min-max regret (Savage),761.9569182455466,803.2847391468925,30.70247624621404,809.9064020037534,1.0794539784015684,37.980829694242864,722.5319447635784,0.8839166568868924,0.22512850685601135,1
7,Budgeted robust ($\Gamma$=2 zones),761.2014428447918,800.766487811043,30.022548385534673,805.3101574541188,1.0938688339297284,38.06214395267305,722.5319447635785,0.9137744928890956,0.24263732737322236,1
7,SAA mean-CVaR ($\beta$=0.90),761.3485587438801,801.2135079147835,30.154952694713984,806.4674869079445,1.091248185079492,38.02974150974807,722.5319447635785,0.9034292684056007,0.27016885761347487,1
7,Iterated racing (irace-style),760.4904437589781,799.5230474630011,29.422940382632568,805.2101443273741,1.1025,38.14664673780534,722.5319447635785,0.8611574211738696,0.11621479690788053,1
7,Choice-function hyper-heuristic,762.2022037148604,843.5367584086879,59.67882917348353,860.5771337511359,0.9010800309102772,52.131398413097905,682.5319447635784,1.1175746885474922,0.3835020424127568,1
7,C-R-EoH (fuzzy MO evaluator),760.4904437589781,799.5230474630011,29.422940382632568,805.2101443273741,1.1025,38.14664673780534,722.5319447635785,0.8611574211738696,0.11621479690788053,5
8,Deterministic AHD (nominal),725.2484563526888,794.9670534914904,48.88610658925701,848.7417666800945,0.6979649405180356,34.928671443693226,653.7613460896237,1.0,0.0,1
8,Robust min-max (Wald),725.7238486952549,756.8621862242268,21.66992030118636,779.836049578135,0.8995661926199628,16.98966605598831,693.7613460896238,0.7805949031060133,0.08232036649894776,1
8,Min-max regret (Savage),697.6934130688585,750.4175259652106,32.94840797177401,799.5901239453373,1.088500022938894,34.57279632045763,653.7613460896239,1.115620433737787,0.7729212629370057,1
8,Budgeted robust ($\Gamma$=2 zones),697.249799419946,749.4695500538113,32.97264243156527,799.5901239453373,1.0968602830683458,34.6509760245075,653.7613460896238,0.9380043307627337,0.0,1
8,SAA mean-CVaR ($\beta$=0.90),697.3393635085162,749.4161401566303,32.79702958366842,799.5901239453372,1.0966970261379287,34.669091823412124,653.7613460896239,1.0430485114698507,0.4759873724987409,1
8,Iterated racing (irace-style),697.3393635085162,749.4161401566303,32.79702958366842,799.5901239453372,1.0966970261379287,34.669091823412124,653.7613460896239,1.0430485114698507,0.4759873724987409,1
8,Choice-function hyper-heuristic,697.9184862673885,751.2450715809819,33.57575460257559,799.5901239453372,1.0821132671286935,34.57930659560697,653.7613460896239,0.9130288004865095,0.0,1
8,C-R-EoH (fuzzy MO evaluator),697.9184862673885,751.2450715809819,33.57575460257559,799.5901239453372,1.0966970261379287,34.57930659560697,653.7613460896239,0.9130288004865095,0.0,5
9,Deterministic AHD (nominal),922.8313859280231,1046.353190919686,80.43175580757209,1116.1553115969807,0.3015564599032445,67.58291763154199,780.2994366737666,1.0,0.0,1
9,Robust min-max (Wald),917.9716491198475,973.5842103897163,38.81616044370957,1001.6656889342634,0.63802423889925,41.84447020890029,860.2994366737668,0.8863632868902659,0.532160625472429,1
9,Min-max regret (Savage),888.9006980966362,967.6813764446093,48.735113311296814,995.2647671672242,0.8885538105931952,58.39547046971983,820.2994366737666,0.8130049544284257,0.0,1
9,Budgeted robust ($\Gamma$=2 zones),883.7855495433984,952.9638784682188,44.06754384262205,985.7891106498067,1.0181146428675032,59.02766353693074,820.2994366737668,1.0245697826978906,0.5543791376971392,1
9,SAA mean-CVaR ($\beta$=0.90),884.6297007924362,955.7777159650121,44.91169509166006,992.0843780737243,0.9938663295966761,58.9971171805401,820.2994366737668,1.0339726183752551,0.5615418079001884,1
9,Iterated racing (irace-style),873.8335382498501,987.7772547955389,68.58946543772814,1044.164222335658,0.8719052159396674,72.4762209462783,780.2994366737668,0.9120245595383394,0.0,1
9,Choice-function hyper-heuristic,873.8335382498501,987.7772547955389,68.58946543772814,1044.164222335658,0.8719052159396674,72.4762209462783,780.2994366737668,0.9120245595383394,0.0,1
9,C-R-EoH (fuzzy MO evaluator),885.3798285631326,956.9197814241576,45.37020491724854,994.7133263523502,1.0662626218625149,58.82377855757335,820.2994366737668,0.836296999431109,0.1307234729097418,11
10,Deterministic AHD (nominal),832.1168779912932,955.1999071445825,76.91449202246831,1012.7129781609922,0.5385576399858606,61.763740278680196,727.8026825113939,1.0309910020598085,0.0,1
10,Robust min-max (Wald),830.7525034076056,882.7478153532608,32.43993947037328,905.3461776314834,0.9584294658538048,37.94549618983614,790.3943910735863,0.9473686603053161,0.5913821381607899,1
10,Min-max regret (Savage),809.4133531163055,886.5841523539508,47.39151874819717,918.5169237519111,1.0547337248934345,54.0634678984338,750.3943910735863,1.0798093579050387,0.493159729919069,1
10,Budgeted robust ($\Gamma$=2 zones),830.7525034076056,882.7478153532608,32.43993947037328,905.3461776314834,0.9584294658538048,37.94549618983614,790.3943910735863,0.9473686603053161,0.5913821381607899,1
10,SAA mean-CVaR ($\beta$=0.90),830.7525034076056,882.7478153532608,32.43993947037328,905.3461776314834,0.9584294658538048,37.94549618983614,790.3943910735863,0.9473686603053161,0.5913821381607899,1
10,Iterated racing (irace-style),807.9046983504653,883.5184425330577,46.75898058918338,926.1045392208097,1.083056522511409,54.38897194400877,750.3943910735863,0.9007497992220669,0.03167599314126989,1
10,Choice-function hyper-heuristic,807.9046983504653,883.5184425330577,46.75898058918338,926.1045392208097,1.083056522511409,54.38897194400877,750.3943910735863,0.9007497992220669,0.03167599314126989,1
10,C-R-EoH (fuzzy MO evaluator),830.4940740083512,882.0023365919997,32.22523867294558,905.1225340031051,1.0917641358529482,37.96208746925338,790.3943910735863,0.8475853209103592,0.3151399686580105,5
11,Deterministic AHD (nominal),776.7636486461184,897.021703593338,86.13773974507875,943.5785312389323,0.7638419300894074,49.98290644206423,683.4099830555696,0.9768562015197872,0.0,1
11,Robust min-max (Wald),802.6118899258772,856.9669479997133,41.89299941011569,877.431412495573,0.8399457337817038,22.15298798000637,763.4099830555696,0.844825361554237,0.4981363957975039,1
11,Min-max regret (Savage),772.1210731656174,843.162452384969,50.451264325882036,889.9552487770355,1.0236572547989664,38.38831102353868,723.4099830555696,0.8676583418133624,0.06013003165487166,1
11,Budgeted robust ($\Gamma$=2 zones),767.5038555491655,830.3575499223115,46.29576847107508,861.7108949430442,1.1025,38.081735081999604,723.4099830555697,0.9402547785060932,0.37654713841212184,1
11,SAA mean-CVaR ($\beta$=0.90),767.5038555491655,830.3575499223115,46.29576847107508,861.7108949430442,1.1025,38.081735081999604,723.4099830555697,0.9402547785060932,0.37654713841212184,1
11,Iterated racing (irace-style),767.5038555491655,830.3575499223115,46.29576847107508,861.7108949430442,1.1025,38.081735081999604,723.4099830555697,0.9402547785060932,0.37654713841212184,1
11,Choice-function hyper-heuristic,767.5038555491655,830.3575499223115,46.29576847107508,861.7108949430442,1.1025,38.081735081999604,723.4099830555697,0.9402547785060932,0.37654713841212184,1
11,C-R-EoH (fuzzy MO evaluator),767.5038555491655,830.3575499223115,46.29576847107508,861.7108949430442,1.1025,38.081735081999604,723.4099830555697,0.9402547785060932,0.37654713841212184,5
12,Deterministic AHD (nominal),858.5743116246127,1037.6690062840105,114.37624505388574,1175.3968283711579,0.25575262299344226,76.13031605435927,701.9841377378989,1.0674375974207804,0.10474401940458335,1
12,Robust min-max (Wald),847.9138356087487,938.0022876153586,55.90301127075454,1034.0386210392487,0.8630544393546112,55.20618087534,778.6776159084053,0.7922131488590627,0.06609465895643016,1
12,Min-max regret (Savage),825.4965680599435,947.2022835518773,74.38375112273796,1070.430668056168,0.9605896463556974,68.67387860505247,738.6776159084053,0.8564939144954611,0.0,1
12,Budgeted robust ($\Gamma$=2 zones),844.672665483948,927.1983871993563,52.013607120993655,1006.0436967308814,0.951214281181868,51.498629928675356,778.6776159084054,0.7363179172256875,0.0,1
12,SAA mean-CVaR ($\beta$=0.90),825.084991979001,948.9139677639901,74.82492991458324,1072.3809004487593,0.9514620599473238,68.736445109332,738.6776159084053,0.9084303380525635,0.14807686030701536,1
12,Iterated racing (irace-style),825.084991979001,948.9139677639901,74.82492991458324,1072.3809004487593,0.9514620599473238,68.736445109332,738.6776159084053,0.9084303380525635,0.14807686030701536,1
12,Choice-function hyper-heuristic,825.084991979001,948.9139677639901,74.82492991458324,1072.3809004487593,0.9514620599473238,68.736445109332,738.6776159084053,0.9084303380525635,0.14807686030701536,1
12,C-R-EoH (fuzzy MO evaluator),825.084991979001,948.9139677639901,74.82492991458324,1072.3809004487593,1.0817744822406539,68.736445109332,738.6776159084053,0.9084303380525635,0.14807686030701536,8
13,Deterministic AHD (nominal),886.78536012056,1055.109330555017,112.6026900915031,1096.4968324582032,0.6434237447130315,71.77313315970609,767.7171646833449,0.9091742487032327,0.0,1
13,Robust min-max (Wald),879.6969144037714,980.2598575997836,68.15271365965711,988.8567215428154,1.1025,59.01973529550426,807.717164683345,1.054160820551069,0.673012590065983,1
13,Min-max regret (Savage),882.1155139605264,989.2039043584988,71.39136410852342,1005.145766687453,1.0379171697896212,58.65915081983356,807.7171646833451,0.8504897689835997,0.17228131179144635,1
13,Budgeted robust ($\Gamma$=2 zones),913.6122631797385,1002.0571243192725,62.00614269426005,1016.8701044378116,0.8127134649845354,41.48224958441014,847.717164683345,0.9746826624651992,0.7827792543185695,1
13,SAA mean-CVaR ($\beta$=0.90),879.6969144037714,980.2598575997836,68.15271365965711,988.8567215428154,1.1025,59.01973529550426,807.717164683345,1.054160820551069,0.673012590065983,1
13,Iterated racing (irace-style),882.5830058581778,1045.579977924673,108.32859999662273,1081.9767281416673,0.711911533232639,72.48019513769808,767.717164683345,1.0370237392025943,0.3122575142396558,1
13,Choice-function hyper-heuristic,886.1985413914481,1053.989129485721,111.31180868183814,1096.4968324582032,0.6516632004678251,72.02256169358928,767.717164683345,0.9254705648336872,0.06693131571029003,1
13,C-R-EoH (fuzzy MO evaluator),879.6969144037714,980.2598575997836,68.15271365965711,988.8567215428154,1.1025,59.01973529550426,807.717164683345,1.054160820551069,0.673012590065983,5
14,Deterministic AHD (nominal),901.5336881273782,1043.0457545035586,96.52670001558303,1088.049854196013,0.5236920536680933,69.62616555736045,786.6266040376511,1.0,0.0,1
14,Robust min-max (Wald),914.2261888827057,983.3940348167216,47.566822525518276,999.7840436031453,0.7560009269289812,42.99006885245298,866.6266040376512,1.0229594092507601,0.9256298924861406,1
14,Min-max regret (Savage),889.437229021645,981.8012603871639,61.6639487716521,1014.0997767270378,0.8747665977406468,62.317677771650004,826.6266040376513,0.8541097113121576,0.01593934585433397,1
14,Budgeted robust ($\Gamma$=2 zones),879.6462272940462,958.6030866496711,53.52886477799283,981.2822677848105,1.0446904199137397,60.53883198494804,826.6266040376512,0.9974523833957569,0.44622790220236935,1
14,SAA mean-CVaR ($\beta$=0.90),879.6462272940462,958.6030866496711,53.52886477799283,981.2822677848105,1.0446904199137397,60.53883198494804,826.6266040376512,0.9974523833957569,0.44622790220236935,1
14,Iterated racing (irace-style),879.6462272940462,958.6030866496711,53.52886477799283,981.2822677848105,1.0446904199137397,60.53883198494804,826.6266040376512,0.9974523833957569,0.44622790220236935,1
14,Choice-function hyper-heuristic,879.6462272940462,958.6030866496711,53.52886477799283,981.2822677848105,1.0446904199137397,60.53883198494804,826.6266040376512,0.9974523833957569,0.44622790220236935,1
14,C-R-EoH (fuzzy MO evaluator),879.6462272940462,958.6030866496711,53.52886477799283,981.2822677848105,1.0446904199137397,60.53883198494804,826.6266040376512,0.9974523833957569,0.44622790220236935,4
15,Deterministic AHD (nominal),794.1289977504009,928.3388687865986,95.41230992995864,940.9446903476929,0.6782900852190076,55.56211726274506,710.2719243035294,1.12,0.26556945062852577,1
15,Robust min-max (Wald),811.7221766830992,871.3355475146394,43.437321654174326,876.3778761390772,0.8578680525016247,27.88980449486041,781.3633489119561,0.8348236931120164,0.3505984245971312,1
15,Min-max regret (Savage),777.5987306886775,848.7934862944327,48.963663018693765,855.8104981912637,1.1025,45.0222548047255,741.3633489119561,0.949708410006399,0.3044726092719386,1
15,Budgeted robust ($\Gamma$=2 zones),811.7221766830992,871.3355475146394,43.437321654174326,876.3778761390773,0.8578680525016247,27.356538288925762,781.363348911956,0.749918904126537,0.04186476408283965,1
15,SAA mean-CVaR ($\beta$=0.90),811.7221766830992,871.3355475146394,43.437321654174326,876.3778761390772,0.8578680525016247,27.88980449486041,781.3633489119561,0.8348236931120164,0.3505984245971312,1
15,Iterated racing (irace-style),777.5987306886775,848.7934862944327,48.963663018693765,855.8104981912637,1.1025,45.0222548047255,741.3633489119561,0.949708410006399,0.3044726092719386,1
15,Choice-function hyper-heuristic,777.5987306886775,848.7934862944327,48.963663018693765,855.8104981912637,1.1025,45.0222548047255,741.3633489119561,0.949708410006399,0.3044726092719386,1
15,C-R-EoH (fuzzy MO evaluator),777.5987306886775,848.7934862944327,48.963663018693765,855.8104981912637,1.1025,45.0222548047255,741.3633489119561,0.949708410006399,0.3044726092719386,4
16,Deterministic AHD (nominal),866.201490532368,1024.3830622429807,105.45307435477051,1030.5170239756953,0.72402486651424,62.5377613757728,766.6928835598637,1.0,0.0,1
16,Robust min-max (Wald),851.2399116216035,932.6950275718845,53.708919487459674,932.4772645645415,1.054050279283854,49.12500437057556,806.6928835598637,0.7767235410208332,0.0,1
16,Min-max regret (Savage),858.982088477869,954.1137111442667,62.874877438766774,954.4429148263557,0.962052404583488,54.99823123591985,806.6928835598638,0.8390828163417032,0.0,1
16,Budgeted robust ($\Gamma$=2 zones),851.2399116216035,932.6950275718845,53.708919487459674,932.4772645645415,1.054050279283854,49.12500437057556,806.6928835598637,0.7767235410208332,0.0,1
16,SAA mean-CVaR ($\beta$=0.90),851.2399116216035,932.6950275718845,53.708919487459674,932.4772645645415,1.054050279283854,49.12500437057556,806.6928835598637,0.7767235410208332,0.0,1
16,Iterated racing (irace-style),837.7023430069443,962.9909976761692,81.95326183146679,979.8528477170943,0.9949938790380475,63.50135313044667,766.6928835598637,0.9937786375121686,0.25226401062490605,1
16,Choice-function hyper-heuristic,835.8922365383116,956.3101734985894,80.7179592649579,962.2757260313764,1.0227416807440275,63.62592116744689,766.6928835598638,1.0226079972938178,0.22619026343189375,1
16,C-R-EoH (fuzzy MO evaluator),851.2399116216035,932.6950275718845,53.708919487459674,932.4772645645415,1.0989949947458133,49.12500437057556,806.6928835598637,0.7767235410208332,0.0,7
17,Deterministic AHD (nominal),766.0766103043482,886.0001309453751,84.79298979406096,956.9963051925167,0.6389825882573207,52.362656447838,685.9739923766574,1.0,0.0,1
17,Robust min-max (Wald),797.8770848706461,853.3382148013379,41.40576186023346,879.0778579433769,0.6878652898904406,26.27640159993949,765.9739923766574,0.9636452999446071,0.7606527453168075,1
17,Min-max regret (Savage),760.7112399463133,822.5046605315662,44.239916935900794,862.5383164790028,1.1024447408223719,40.05771249602779,725.9739923766574,1.0964995482642477,0.8195263547100171,1
17,Budgeted robust ($\Gamma$=2 zones),760.7112399463133,822.5046605315662,44.239916935900794,862.5383164790028,1.1024447408223719,40.05771249602779,725.9739923766574,1.0964995482642477,0.8195263547100171,1
17,SAA mean-CVaR ($\beta$=0.90),760.7093908200709,822.4984967774249,44.23806780965835,862.5263801719613,1.1025,40.05799338184473,725.9739923766573,1.1176244788789444,0.8810844746466061,1
17,Iterated racing (irace-style),760.7093908200709,822.4984967774249,44.23806780965835,862.5263801719613,1.1025,40.05799338184473,725.9739923766573,1.1176244788789444,0.8810844746466061,1
17,Choice-function hyper-heuristic,760.7093908200709,822.4984967774249,44.23806780965835,862.5263801719613,1.1025,40.05799338184473,725.9739923766573,1.1176244788789444,0.8810844746466061,1
17,C-R-EoH (fuzzy MO evaluator),760.7093908200709,822.4984967774249,44.23806780965835,862.5263801719613,1.1025,40.05799338184473,725.9739923766573,1.1176244788789444,0.8810844746466061,3
18,Deterministic AHD (nominal),853.1629623795327,1020.9285205587295,109.55970162080025,1038.0152084865229,0.438416382154735,72.82860543224301,751.4189068382555,1.050247216699816,0.0,1
18,Robust min-max (Wald),875.6636846047393,948.3714082234918,48.86523096068643,955.2060833946093,0.6765745232516599,36.87385405130031,840.5675627353023,1.003812616832701,0.9229976579530741,1
18,Min-max regret (Savage),841.604214395135,927.1887444770056,54.80915590143858,931.8739703544786,0.9125877761511466,55.92534530958479,800.5675627353023,0.8083769274600029,0.0,1
18,Budgeted robust ($\Gamma$=2 zones),837.7585281618713,913.8225061773542,50.3891745204299,915.4755525572024,0.9947797494317788,52.85324863512322,800.5675627353023,0.9052924928688411,0.3743795666536318,1
18,SAA mean-CVaR ($\beta$=0.90),837.3928941102016,912.8347993198637,49.986977063593464,915.6185008608692,1.001338263020591,53.06835412765349,800.5675627353023,0.7597058268423016,0.0,1
18,Iterated racing (irace-style),816.6204403780234,926.4615364441624,69.56420663960651,930.433855232301,1.0276892643607691,68.91901730181483,760.5675627353022,1.12,0.5199459423928612,1
18,Choice-function hyper-heuristic,816.6204403780234,926.4615364441624,69.56420663960651,930.433855232301,1.0276892643607691,68.91901730181483,760.5675627353022,1.12,0.5199459423928612,1
18,C-R-EoH (fuzzy MO evaluator),837.3928941102016,912.8347993198637,49.986977063593464,915.6185008608692,1.094148495309758,53.06835412765349,800.5675627353023,0.7597058268423016,0.0,9
19,Deterministic AHD (nominal),825.857594514668,923.4545794920015,62.51249925192087,961.9616532450566,0.8897475071106701,39.10963046459007,769.257794844008,0.9851426027645808,0.2025763323847929,1
19,Robust min-max (Wald),845.2549461994083,905.8522062594243,41.12199209940097,920.0483330358205,0.8868897919541988,25.692799112786233,809.2577948440082,0.8360880402820449,0.19044703569033333,1
19,Min-max regret (Savage),824.7588966071016,918.5253460091008,59.6131457111163,957.2322095670299,0.934127119821004,39.27853915822882,769.2577948440081,1.12,0.6276570576772764,1
19,Budgeted robust ($\Gamma$=2 zones),845.2549461994083,905.8522062594243,41.12199209940097,920.0483330358205,0.8868897919541988,25.692799112786233,809.2577948440082,0.8360880402820449,0.19044703569033333,1
19,SAA mean-CVaR ($\beta$=0.90),817.6012651125338,903.2036857055224,53.60095383314797,938.7271659793347,1.1025,40.35781854499739,769.2577948440081,1.016192992591863,0.36262319866116466,1
19,Iterated racing (irace-style),817.6012651125338,903.2036857055224,53.60095383314797,938.7271659793347,1.1025,40.35781854499739,769.2577948440081,1.016192992591863,0.36262319866116466,1
19,Choice-function hyper-heuristic,819.3108415285957,907.6622196495581,55.896026254952496,944.5689156170201,1.0549140531334917,40.20490722357232,769.257794844008,0.9803577920688431,0.25300843945820684,1
19,C-R-EoH (fuzzy MO evaluator),817.6012651125338,903.2036857055224,53.60095383314797,938.7271659793347,1.1025,40.35781854499739,769.2577948440081,1.016192992591863,0.36262319866116466,3
20,Deterministic AHD (nominal),718.1530793226807,826.5656741603998,76.91222834728622,856.6092019863362,0.9534516566624945,70.4588022351419,656.0346641244945,0.9424889169689417,0.0,1
20,Robust min-max (Wald),728.4502855169069,793.1942970956881,47.71262836625413,807.622441792543,1.0579658229619164,54.8770872260945,696.0346641244946,0.9142329426325633,0.3844236282501912,1
20,Min-max regret (Savage),732.2669916444522,805.2947183006081,51.52933449379975,821.5263944154146,0.9911982841854117,56.26878323762403,696.0346641244946,0.8531360855899153,0.09999045045046241,1
20,Budgeted robust ($\Gamma$=2 zones),728.7573782753068,794.0073883559122,48.0197211246542,806.5220626690702,1.0532181119271506,54.756038339887155,696.0346641244946,1.0358241084243864,0.6304370116512292,1
20,SAA mean-CVaR ($\beta$=0.90),728.4502855169069,793.1942970956881,47.71262836625413,807.622441792543,1.0579658229619164,54.8770872260945,696.0346641244946,0.9142329426325633,0.3844236282501912,1
20,Iterated racing (irace-style),728.4502855169069,793.1942970956881,47.71262836625413,807.622441792543,1.0579658229619164,54.8770872260945,696.0346641244946,0.9142329426325633,0.3844236282501912,1
20,Choice-function hyper-heuristic,728.4502855169069,793.1942970956881,47.71262836625413,807.622441792543,1.0579658229619164,54.8770872260945,696.0346641244946,0.9142329426325633,0.3844236282501912,1
20,C-R-EoH (fuzzy MO evaluator),728.4502855169069,793.1942970956881,47.71262836625413,807.622441792543,1.0579658229619164,54.8770872260945,696.0346641244946,0.9142329426325633,0.3844236282501912,2
21,Deterministic AHD (nominal),826.1416198017236,982.6090430101866,102.51465648299263,1018.6886176332102,0.5494576769625807,65.19643953411656,707.8680875303395,1.021730797776843,0.0,1
21,Robust min-max (Wald),827.2201702773709,895.5300435250887,45.113447970513725,910.6105819337772,0.941337881897159,38.3246060282828,779.5752821856981,0.8705910654102066,0.430101600279549,1
21,Min-max regret (Savage),800.0950328976869,896.3018386781864,60.264885785681464,922.7510668441017,1.058590933173515,56.52733494339695,739.575282185698,0.8536590784305927,0.0,1
21,Budgeted robust ($\Gamma$=2 zones),826.9097021047368,894.4951496163085,44.771932980616285,907.9109067769542,0.9474226166655965,37.45180076374927,779.5752821856981,0.9352303740495453,0.6618349064738083,1
21,SAA mean-CVaR ($\beta$=0.90),798.662213201478,891.7585393755962,58.5418799914735,915.9148955773031,1.0883528582078612,56.83269750664483,739.575282185698,0.918016639125314,0.21297485184839787,1
21,Iterated racing (irace-style),798.662213201478,891.7585393755962,58.5418799914735,915.9148955773031,1.0883528582078612,56.83269750664483,739.575282185698,0.918016639125314,0.21297485184839787,1
21,Choice-function hyper-heuristic,798.662213201478,891.7585393755962,58.5418799914735,915.9148955773031,1.0883528582078612,56.83269750664483,739.575282185698,0.918016639125314,0.21297485184839787,1
21,C-R-EoH (fuzzy MO evaluator),798.662213201478,891.7585393755962,58.5418799914735,915.9148955773031,1.091435863399757,56.83269750664483,739.575282185698,0.918016639125314,0.21297485184839787,3
22,Deterministic AHD (nominal),768.2050958333604,869.0565341538572,69.67939626333977,923.4863524294584,0.5849607005000382,59.487099664515846,684.2810733768173,1.12,0.3189544329929431,1
22,Robust min-max (Wald),761.2448123701824,809.7255882513372,35.098553404698876,832.1580297062984,1.1025,46.19530506901801,724.2810733768174,0.9715348081765853,0.5062699983313748,1
22,Min-max regret (Savage),761.5988556825728,810.9057326259718,35.41719238585027,836.6581994442389,1.0886214998855217,46.01883591530668,724.2810733768173,0.8910198480584863,0.1854363360181491,1
22,Budgeted robust ($\Gamma$=2 zones),761.2448123701824,809.7255882513372,35.098553404698876,832.1580297062984,1.1025,46.19530506901801,724.2810733768174,0.9715348081765853,0.5062699983313748,1
22,SAA mean-CVaR ($\beta$=0.90),761.2448123701824,809.7255882513372,35.098553404698876,832.1580297062984,1.1025,46.19530506901801,724.2810733768174,0.9715348081765853,0.5062699983313748,1
22,Iterated racing (irace-style),761.8267302404856,811.5230564444314,35.62227948797168,837.3851570586138,1.0808356335832936,46.08615261049069,724.2810733768174,1.0606361882223923,0.730122074140381,1
22,Choice-function hyper-heuristic,761.2448123701824,809.7255882513372,35.098553404698876,832.1580297062984,1.1025,46.19530506901801,724.2810733768174,0.9715348081765853,0.5062699983313748,1
22,C-R-EoH (fuzzy MO evaluator),761.2448123701824,809.7255882513372,35.098553404698876,832.1580297062984,1.1025,46.19530506901801,724.2810733768174,0.9715348081765853,0.5062699983313748,3
23,Deterministic AHD (nominal),852.424222792912,982.6568083440202,93.72898900385573,1022.5568309059189,0.7436496487480407,75.92464977275665,723.3803030584172,1.1144489395142165,0.11731523638360265,1
23,Robust min-max (Wald),840.268786124377,895.2400235387541,39.49887871501776,914.3353081454054,1.0009233159726925,52.75715287692083,789.1515895878331,0.967149376228171,0.5931424467109473,1
23,Min-max regret (Savage),811.7844265517251,888.3341906652055,51.906419100180656,923.950695209653,1.0959534651487606,71.69515966604799,749.1515895878331,0.9555095231216834,0.19793363630747324,1
23,Budgeted robust ($\Gamma$=2 zones),840.0135837140999,894.38934883783,39.243676304740504,914.0990829121635,1.0038628866293193,52.770173020265375,789.1515895878331,0.9104924121811239,0.46166259560271183,1
23,SAA mean-CVaR ($\beta$=0.90),811.1498589828809,886.6455785075842,50.50029202218505,918.1793590392447,1.1025,71.77366807682226,749.151589587833,0.8634941344348105,0.0,1
23,Iterated racing (irace-style),811.7322015882994,887.6656071355316,51.848971640412344,919.503038309253,1.098007155182268,71.71602701673899,749.1515895878331,0.9658850006308974,0.20460649405338335,1
23,Choice-function hyper-heuristic,811.7322015882994,887.6656071355316,51.848971640412344,919.503038309253,1.098007155182268,71.71602701673899,749.1515895878331,0.9658850006308974,0.20460649405338335,1
23,C-R-EoH (fuzzy MO evaluator),811.7322015882994,887.6656071355316,51.848971640412344,919.503038309253,1.098007155182268,71.71602701673899,749.1515895878331,0.9658850006308974,0.20460649405338335,7
24,Deterministic AHD (nominal),874.6828764623782,1068.7277280594114,125.2959784712634,1146.3509288627047,0.3283026305618643,84.98328176210829,697.2713217035596,1.0102768309974397,0.0,1
24,Robust min-max (Wald),853.9129566909817,950.0162006489172,59.7527866491623,983.3819583350299,1.0064044056438923,63.70767006814036,775.4781021586796,0.8881968819032477,0.3738595914211361,1
24,Min-max regret (Savage),857.4837090250672,961.155615385035,63.3121746245107,1008.9099911751972,0.9296893242384062,63.619350275698494,775.4781021586796,0.7447928778852975,0.0,1
24,Budgeted robust ($\Gamma$=2 zones),887.9795130204513,970.2380550804822,53.225998611578824,999.1201408625324,0.7472471912226512,45.33503671597165,815.4781021586795,0.9928397826140438,0.8685965773261365,1
24,SAA mean-CVaR ($\beta$=0.90),853.9129566909817,950.0162006489172,59.7527866491623,983.3819583350299,1.0064044056438923,63.70767006814036,775.4781021586796,0.8881968819032477,0.3738595914211361,1
24,Iterated racing (irace-style),836.3670019246463,972.1173990850762,82.37702686417599,1041.118709391777,0.9634753853680724,79.96999786168172,735.4781021586796,1.12,0.5315727279680285,1
24,Choice-function hyper-heuristic,836.3670019246463,972.1173990850762,82.37702686417599,1041.118709391777,0.9634753853680724,79.96999786168172,735.4781021586796,1.12,0.5315727279680285,1
24,C-R-EoH (fuzzy MO evaluator),853.9129566909817,950.0162006489172,59.7527866491623,983.3819583350299,1.082784743961004,63.70767006814036,775.4781021586796,0.8881968819032477,0.3738595914211361,10
25,Deterministic AHD (nominal),703.9160977611186,808.1466401475883,64.6228918604241,831.1780203001873,0.8799119387449651,48.37511790487122,657.577290817867,0.9438214679333616,0.0,1
25,Robust min-max (Wald),722.115436781811,780.530208092679,38.82774307573145,790.6716020315944,0.9560517739584456,30.263035941302014,697.5772908178672,1.004011669252456,0.789793403811966,1
25,Min-max regret (Savage),726.0860699464417,793.7656519747812,43.30090673345186,810.370079008754,0.8395912499830595,36.56319261079682,697.5772908178672,0.8344760514747454,0.010566250391417661,1
25,Budgeted robust ($\Gamma$=2 zones),722.115436781811,780.530208092679,38.82774307573145,790.6716020315944,0.9560517739584456,30.263035941302014,697.5772908178672,1.004011669252456,0.789793403811966,1
25,SAA mean-CVaR ($\beta$=0.90),722.1517451209963,780.6512358899635,38.867682248835315,790.6716020315945,0.954961514878233,29.13564187055671,697.5772908178672,0.8647487079728338,0.35329646918570645,1
25,Iterated racing (irace-style),702.6657631365007,801.8381838689651,62.54901664037588,826.6790050789862,0.9366053414487615,48.571620396565905,657.5772908178672,1.0716468842850744,0.4091502351952111,1
25,Choice-function hyper-heuristic,702.6657631365007,801.8381838689651,62.54901664037588,826.6790050789862,0.9366053414487615,48.571620396565905,657.5772908178672,1.0716468842850744,0.4091502351952111,1
25,C-R-EoH (fuzzy MO evaluator),722.1517451209963,780.6512358899635,38.867682248835315,790.6716020315945,1.079605729545086,29.13564187055671,697.5772908178672,0.8647487079728338,0.35329646918570645,4
26,Deterministic AHD (nominal),879.0819849324283,1099.8747649814668,141.65447123326604,1215.8903862884729,0.1816513048028084,74.5532125841536,726.3639421051084,1.0507896909915873,0.0,1
26,Robust min-max (Wald),885.5839828696937,979.9499059925869,61.61373176914994,1026.3561545153893,0.715794483943788,37.2806905905107,830.0103071331046,0.6544270995996392,0.0,1
26,Min-max regret (Savage),852.5288248144634,963.0993791418194,69.83464770965222,1025.58741798599,0.9960697196516864,52.49659010412049,790.0103071331046,0.7977950379986812,0.12002957916313972,1
26,Budgeted robust ($\Gamma$=2 zones),852.5288248144634,963.0993791418194,69.83464770965222,1025.58741798599,0.9960697196516864,52.49659010412049,790.0103071331046,0.7977950379986812,0.12002957916313972,1
26,SAA mean-CVaR ($\beta$=0.90),851.5339850385337,959.7832465553869,68.64083997853656,1021.1037686988893,1.021203957771189,52.45809585833612,790.0103071331046,0.7389395905483909,0.0,1
26,Iterated racing (irace-style),838.6057265869773,1000.9793114486021,99.53082567788336,1105.8903862884733,0.8477438035513992,68.57338667316486,750.0103071331046,0.8833037071743608,0.0,1
26,Choice-function hyper-heuristic,838.6057265869773,1000.9793114486021,99.53082567788336,1105.8903862884733,0.8477438035513992,68.57338667316486,750.0103071331046,0.8833037071743608,0.0,1
26,C-R-EoH (fuzzy MO evaluator),852.5288248144634,963.0993791418194,69.83464770965222,1025.58741798599,1.0633908331409365,52.49659010412049,790.0103071331046,0.7977950379986812,0.12002957916313972,5
27,Deterministic AHD (nominal),763.5607396431998,912.1178027551218,91.99536881496837,931.3716274319054,0.7392827846531753,62.2079698237936,690.6993629613495,0.9923360807751753,0.0,1
27,Robust min-max (Wald),796.5369542394831,864.5816507766649,43.50189032483448,872.5486509727623,0.8251651943500372,30.821202760698164,770.6993629613496,0.7924168735164682,0.2694622149027724,1
27,Min-max regret (Savage),760.2510115885104,834.828479859019,47.31919331983999,845.1817631293374,1.1025,50.113849141899195,730.6993629613496,1.0847143710660752,0.7440093232473841,1
27,Budgeted robust ($\Gamma$=2 zones),760.2510115885104,834.828479859019,47.31919331983999,845.1817631293374,1.1025,50.113849141899195,730.6993629613496,1.0847143710660752,0.7440093232473841,1
27,SAA mean-CVaR ($\beta$=0.90),760.2510115885104,834.828479859019,47.31919331983999,845.1817631293374,1.1025,50.113849141899195,730.6993629613496,1.0847143710660752,0.7440093232473841,1
27,Iterated racing (irace-style),760.2510115885104,834.828479859019,47.31919331983999,845.1817631293374,1.1025,50.113849141899195,730.6993629613496,1.0847143710660752,0.7440093232473841,1
27,Choice-function hyper-heuristic,760.2510115885104,834.828479859019,47.31919331983999,845.1817631293374,1.1025,50.113849141899195,730.6993629613496,1.0847143710660752,0.7440093232473841,1
27,C-R-EoH (fuzzy MO evaluator),760.2510115885104,834.828479859019,47.31919331983999,845.1817631293374,1.1025,50.113849141899195,730.6993629613496,1.0847143710660752,0.7440093232473841,3
28,Deterministic AHD (nominal),955.9431378771329,1244.7496656109706,206.73574590803452,1313.8372742661315,0.12821393957829372,89.72455863411892,759.3949511233835,1.1023326196257752,0.039233624182680026,1
28,Robust min-max (Wald),957.8329760012118,1077.899866244388,85.66757402756723,1105.5349097064525,0.6408037899650858,46.3526376059452,883.7579804493535,1.016167120981804,0.9804057734827787,1
28,Min-max regret (Savage),896.7810213366499,1048.3164203930885,104.83201840080275,1094.9427218522983,1.0784805782055138,77.36182268002332,803.7579804493535,1.0170412085117408,0.45083932237048413,1
28,Budgeted robust ($\Gamma$=2 zones),919.743307492396,1043.0287850775355,87.57790551875124,1072.9938998903606,0.9692892928906592,61.483304911991304,843.7579804493535,0.9009870957620049,0.49088969865560994,1
28,SAA mean-CVaR ($\beta$=0.90),919.743307492396,1043.0287850775355,87.57790551875124,1072.9938998903606,0.9692892928906592,61.483304911991304,843.7579804493535,0.9009870957620049,0.49088969865560994,1
28,Iterated racing (irace-style),908.9232517017724,1136.5918573130177,157.46350573487007,1204.0003287584186,0.6341982243093216,87.20350822167536,763.7579804493535,1.0966058378594015,0.31415031468126126,1
28,Choice-function hyper-heuristic,897.1037273385416,1054.4340285114254,104.9383253648969,1109.2994265087364,1.0489068179396361,77.2288599693377,803.7579804493535,0.7847437240595817,0.04679236227116296,1
28,C-R-EoH (fuzzy MO evaluator),919.743307492396,1043.0287850775355,87.57790551875124,1072.9938998903606,1.0995978284248518,61.483304911991304,843.7579804493535,0.9009870957620049,0.49088969865560994,7
29,Deterministic AHD (nominal),748.021094356611,821.0358661984433,53.01157255695675,829.5915889756274,0.7631499037111227,40.04793528849122,685.8090686995445,0.984791846064248,0.005823576445222078,1
29,Robust min-max (Wald),753.5285183995409,788.4143464793773,26.44393873721388,791.8366355902509,1.0348708401962219,23.505610588790763,725.8090686995446,0.8849369179004887,0.2762252660950556,1
29,Min-max regret (Savage),758.3270496891924,803.0832796979681,31.04541346742504,816.1308839306707,0.8408670183985432,31.72798751939913,725.8090686995446,0.8948775646476116,0.0,1
29,Budgeted robust ($\Gamma$=2 zones),753.5285183995409,788.4143464793774,26.44393873721391,791.836635590251,1.0348708401962208,23.52832282774403,725.8090686995446,0.9049493078460563,0.3363701372685214,1
29,SAA mean-CVaR ($\beta$=0.90),753.5285183995409,788.4143464793773,26.44393873721388,791.8366355902509,1.0348708401962219,23.505610588790763,725.8090686995446,0.8849369179004887,0.2762252660950556,1
29,Iterated racing (irace-style),748.021094356611,821.0358661984433,53.01157255695675,829.5915889756274,0.7631499037111227,40.04793528849122,685.8090686995445,0.984791846064248,0.005823576445222078,1
29,Choice-function hyper-heuristic,748.021094356611,821.0358661984433,53.01157255695675,829.5915889756274,0.7631499037111227,40.04793528849122,685.8090686995445,0.984791846064248,0.005823576445222078,1
29,C-R-EoH (fuzzy MO evaluator),753.5285183995409,788.4143464793774,26.44393873721391,791.836635590251,1.0816837080350585,23.52832282774403,725.8090686995446,0.9049493078460563,0.3363701372685214,9
