seed,method,technicians,opening,work_mean,overtime_mean,overtime_p95,overtime_share_of_tail,crossing_frac,workload_gini,workload_mad,overtime_gini,max_tech_overtime,arch_size,arch_spread_f1,arch_spread_f2,arch_collinearity,p95,f3,hv,mean_buffer,mean_pack
0,Classical heuristic,6.0,240.0,550.9648,41.60442,124.18806,0.5609,0.33333,0.13015,20.77117,0.45911,10.76378,1.0,0.0,0.0,nan,977.48851,59.5846,0.41382,0.0,1.0
0,Deterministic AHD,5.0,200.0,550.9648,79.04549,169.95068,0.5945,1.0,0.01941,3.48907,0.24477,15.20909,1.0,0.0,0.0,nan,983.25113,66.35499,0.38181,0.0681,1.0783
0,MO AHD (no fuzzy risk),6.0,240.0,550.9648,5.70101,32.09869,0.32333,0.0,0.02121,3.06696,0.19276,1.83865,1.0,0.0,0.0,nan,882.64165,33.97175,1.08381,0.0,0.87527
0,C-R-EoH,6.0,240.0,550.9648,5.16868,28.11792,0.33228,0.0,0.02368,3.35504,0.21399,1.71425,4.0,0.74165,0.72076,0.99754,881.41838,33.34008,1.1025,0.34139,0.96988
1,Classical heuristic,6.0,240.0,538.51415,60.18729,165.83282,0.56821,0.33333,0.1666,26.18272,0.36205,14.42837,1.0,0.0,0.0,nan,1026.88031,92.81572,0.17196,0.0,1.0
1,Deterministic AHD,5.0,200.0,538.51415,72.03317,181.57124,0.5764,0.6,0.02368,4.07058,0.31589,15.12881,1.0,0.0,0.0,nan,1002.61873,98.15709,0.36755,0.22779,1.12
1,MO AHD (no fuzzy risk),8.0,320.0,538.51415,0.0,0.0,0.0,0.0,0.03867,4.04392,0.0,0.0,2.0,0.31606,0.23357,nan,941.04749,45.0697,0.50235,0.19251,0.69788
1,C-R-EoH,6.0,240.0,538.51415,8.23637,39.24539,0.37138,0.0,0.03325,4.47972,0.22156,2.56077,4.0,0.73643,0.70246,0.99093,900.29288,52.78604,1.1025,0.28115,0.9723
2,Classical heuristic,6.0,240.0,540.44235,49.99594,117.54079,0.57553,0.66667,0.16407,25.62068,0.46841,14.34373,1.0,0.0,0.0,nan,951.09011,64.96936,0.12019,0.0,1.0
2,Deterministic AHD,5.0,200.0,540.44235,66.04026,140.32399,0.58994,1.0,0.02474,4.40957,0.33913,16.60512,1.0,0.0,0.0,nan,933.87331,69.45532,0.3146,0.00613,1.02449
2,MO AHD (no fuzzy risk),8.0,320.0,540.44235,0.0,0.0,0.0,0.0,0.03316,3.51128,0.0,0.0,2.0,0.63838,0.58271,nan,913.54933,29.84539,1.05116,0.11945,0.66746
2,C-R-EoH,6.0,240.0,540.44235,5.95365,18.62472,0.32922,0.0,0.05724,8.14309,0.4644,2.36876,4.0,1.0,1.0,0.99823,842.6088,35.1077,1.1025,0.74225,1.06234
3,Classical heuristic,5.0,200.0,537.28084,70.5189,170.78986,0.57374,0.6,0.03316,5.77165,0.3189,16.72814,1.0,0.0,0.0,nan,984.64976,89.72744,0.56423,0.0,1.0
3,Deterministic AHD,5.0,200.0,537.28084,68.83532,170.78986,0.57694,0.4,0.0289,5.05269,0.3161,16.4017,1.0,0.0,0.0,nan,984.64976,91.09884,0.57054,0.0,0.98817
3,MO AHD (no fuzzy risk),6.0,240.0,537.28084,9.16327,55.01319,0.38322,0.0,0.0328,4.77432,0.26749,2.77187,1.0,0.0,0.0,nan,909.72206,50.7629,1.07808,0.0,0.82102
3,C-R-EoH,6.0,240.0,537.28084,8.00096,45.80822,0.35717,0.0,0.02953,4.31479,0.24274,2.24294,6.0,1.0,1.0,0.99566,900.28585,49.53983,1.1025,0.12587,0.88879
4,Classical heuristic,6.0,240.0,628.23224,86.04262,213.40624,0.53971,0.5,0.06431,10.50392,0.44354,21.77396,1.0,0.0,0.0,nan,1195.67707,121.34919,0.54817,0.0,1.0
4,Deterministic AHD,6.0,240.0,628.23224,82.71129,213.40624,0.54494,0.33333,0.0582,9.47793,0.44704,20.44546,1.0,0.0,0.0,nan,1195.67707,120.94866,0.57791,0.13844,1.04401
4,MO AHD (no fuzzy risk),6.0,240.0,628.23224,75.35535,213.40624,0.55608,0.16667,0.04236,6.84831,0.42736,18.38367,2.0,0.70085,0.26532,nan,1195.67707,118.37059,1.01983,0.30098,1.12
4,C-R-EoH,8.0,320.0,628.23224,2.42567,15.32843,0.1455,0.0,0.04851,5.73725,0.11955,1.11577,7.0,1.0,0.51215,0.96898,1088.16333,60.52197,1.09526,0.50914,0.93413
5,Classical heuristic,5.0,200.0,532.23292,59.43275,165.19715,0.5781,0.6,0.03502,5.8634,0.41634,16.48065,1.0,0.0,0.0,nan,975.32858,70.52577,0.48553,0.0,1.0
5,Deterministic AHD,5.0,200.0,532.23292,59.98436,165.19715,0.57694,0.6,0.03606,6.08014,0.41552,17.03244,1.0,0.0,0.0,nan,975.32858,70.18691,0.48253,0.0,0.99778
5,MO AHD (no fuzzy risk),5.0,200.0,532.23292,59.98436,165.19715,0.57694,0.6,0.03606,6.08014,0.41552,17.03244,1.0,0.0,0.0,nan,975.32858,70.18691,0.48253,0.0,0.99778
5,C-R-EoH,6.0,240.0,532.23292,3.67614,23.39793,0.2538,0.0,0.03724,5.17248,0.25696,1.42163,3.0,0.65613,0.51202,0.99752,873.97331,35.17009,1.1025,0.52073,1.0563
6,Classical heuristic,6.0,240.0,555.8588,76.6139,198.89503,0.57987,0.66667,0.16763,26.90684,0.40384,17.61912,1.0,0.0,0.0,nan,1084.23964,90.83361,0.65079,0.0,1.0
6,Deterministic AHD,5.0,200.0,555.8588,90.76583,218.01692,0.59045,1.0,0.02431,4.30048,0.27079,18.5966,1.0,0.0,0.0,nan,1063.36153,94.35928,0.75814,0.19094,1.12
6,MO AHD (no fuzzy risk),5.0,200.0,555.8588,90.76583,218.01692,0.59045,1.0,0.02431,4.30048,0.27079,18.5966,1.0,0.0,0.0,nan,1063.36153,94.35928,0.75814,0.19094,1.12
6,C-R-EoH,7.0,280.0,555.8588,1.41139,6.86952,0.092,0.0,0.04834,5.93285,0.1552,0.65212,4.0,0.15514,0.10313,0.8427,927.51956,40.74708,1.10063,0.45809,0.92033
7,Classical heuristic,5.0,200.0,519.31024,44.68442,99.36895,0.5664,0.6,0.02799,4.45018,0.37773,11.98641,1.0,0.0,0.0,nan,865.61492,62.70112,0.86816,0.0,1.0
7,Deterministic AHD,5.0,200.0,519.31024,44.68442,99.36895,0.5664,0.6,0.02799,4.45018,0.37773,11.98641,1.0,0.0,0.0,nan,865.61492,62.70112,0.86816,0.0,1.0
7,MO AHD (no fuzzy risk),7.0,280.0,519.31024,0.0,0.0,0.0,0.0,0.03434,3.89226,0.0,0.0,2.0,0.15858,0.14563,nan,846.24597,30.18111,1.08752,0.15792,0.73982
7,C-R-EoH,6.0,240.0,519.31024,1.22154,12.9249,0.1644,0.0,0.02737,3.67945,0.06165,0.41422,4.0,0.49744,0.49366,0.99994,807.22526,31.2805,1.1025,0.11621,0.86116
8,Classical heuristic,5.0,200.0,484.36437,38.45148,108.90572,0.56464,0.8,0.08592,14.62313,0.41168,9.60453,1.0,0.0,0.0,nan,848.74177,49.20138,0.69628,0.0,1.0
8,Deterministic AHD,5.0,200.0,484.36437,38.45148,108.90572,0.56464,0.8,0.08592,14.62313,0.41168,9.60453,1.0,0.0,0.0,nan,848.74177,49.20138,0.69628,0.0,1.0
8,MO AHD (no fuzzy risk),5.0,200.0,484.36437,12.82584,59.75407,0.46696,0.0,0.02288,3.55587,0.3706,3.80424,2.0,0.00082,0.002,nan,799.59012,34.70224,1.10189,0.0,0.91083
8,C-R-EoH,5.0,200.0,484.36437,11.57209,59.75407,0.47368,0.0,0.01918,3.03645,0.32916,3.23314,5.0,0.36315,0.27681,0.95741,799.59012,33.89583,1.1025,0.47599,1.04305
9,Classical heuristic,6.0,240.0,598.47341,87.57852,194.48962,0.55175,0.5,0.11633,18.07009,0.45278,22.15798,1.0,0.0,0.0,nan,1120.57312,98.80897,0.28798,0.0,1.0
9,Deterministic AHD,6.0,240.0,598.47341,87.57852,194.48962,0.55175,0.5,0.11633,18.07009,0.45278,22.15798,1.0,0.0,0.0,nan,1120.57312,98.80897,0.28798,0.0,1.0
9,MO AHD (no fuzzy risk),6.0,240.0,598.47341,43.26209,131.69811,0.53557,0.0,0.03484,5.41347,0.44758,11.33966,1.0,0.0,0.0,nan,1059.49684,85.03336,0.78743,0.0,0.90824
9,C-R-EoH,7.0,280.0,598.47341,7.21946,29.33505,0.27902,0.0,0.04434,5.67782,0.26926,2.97463,5.0,0.6612,0.32628,0.31501,990.80429,53.34755,1.09014,0.55438,1.02457
10,Classical heuristic,6.0,240.0,556.77777,63.01403,163.87933,0.55113,0.0,0.14882,21.82057,0.51544,18.79998,1.0,0.0,0.0,nan,1047.07097,79.63884,0.41432,0.0,1.0
10,Deterministic AHD,5.0,200.0,556.77777,92.38588,214.78747,0.5889,1.0,0.04113,7.29822,0.39199,23.6831,1.0,0.0,0.0,nan,1057.97912,91.3253,0.41545,0.0,1.03099
10,MO AHD (no fuzzy risk),6.0,240.0,556.77777,23.62372,76.8276,0.42154,0.0,0.05053,7.38732,0.48309,8.85827,1.0,0.0,0.0,nan,960.01925,56.63018,1.00377,0.0,0.85609
10,C-R-EoH,7.0,280.0,556.77777,0.49632,3.03368,0.02861,0.0,0.05855,7.11116,0.08402,0.30207,6.0,0.55134,0.49575,0.93255,923.19165,38.74606,1.09677,0.92633,1.04954
11,Classical heuristic,5.0,200.0,526.14837,57.03008,146.1319,0.56063,0.2,0.03119,5.21422,0.33442,15.05709,1.0,0.0,0.0,nan,943.55317,80.43166,0.76051,0.0,1.0
11,Deterministic AHD,5.0,200.0,526.14837,56.75607,146.1319,0.56129,0.4,0.02608,4.38027,0.28597,12.55659,1.0,0.0,0.0,nan,943.55317,81.13528,0.75783,0.0,0.97686
11,MO AHD (no fuzzy risk),5.0,200.0,526.14837,56.75607,146.1319,0.56129,0.4,0.02608,4.38027,0.28597,12.55659,1.0,0.0,0.0,nan,943.55317,81.13528,0.75783,0.0,0.97686
11,C-R-EoH,6.0,240.0,526.14837,4.57111,19.45741,0.32122,0.0,0.03247,4.50144,0.31135,2.08727,3.0,0.32039,0.29607,0.99729,861.71089,42.73373,1.1025,0.37655,0.94025
12,Classical heuristic,6.0,240.0,552.68601,74.38967,192.11337,0.57336,0.5,0.17184,26.94338,0.39196,16.91387,1.0,0.0,0.0,nan,1075.2541,101.64135,0.14122,0.0,1.0
12,Deterministic AHD,5.0,200.0,552.68601,86.86688,214.71109,0.59066,1.0,0.03113,5.49576,0.36987,20.41682,1.0,0.0,0.0,nan,1057.85182,107.14232,0.30626,0.10474,1.06744
12,MO AHD (no fuzzy risk),5.0,200.0,552.68601,86.86688,214.71109,0.59066,1.0,0.03113,5.49576,0.36987,20.41682,1.0,0.0,0.0,nan,1057.85182,107.14232,0.30626,0.10474,1.06744
12,C-R-EoH,6.0,240.0,552.68601,18.76575,70.17226,0.46917,0.0,0.03967,5.92629,0.3889,5.96835,6.0,1.0,0.84669,0.95987,953.31299,65.03486,1.09392,0.0,0.85649
13,Classical heuristic,6.0,240.0,585.99632,81.84705,219.73834,0.56121,0.83333,0.11934,19.43428,0.34457,16.77266,1.0,0.0,0.0,nan,1156.52903,118.06872,0.30122,0.0,1.0
13,Deterministic AHD,6.0,240.0,585.99632,43.96129,159.70614,0.5186,0.0,0.04855,7.4334,0.43917,11.71089,1.0,0.0,0.0,nan,1096.49683,99.02966,0.72621,0.0,0.90917
13,MO AHD (no fuzzy risk),6.0,240.0,585.99632,44.56058,159.70614,0.51757,0.0,0.05,7.62106,0.46608,12.16688,1.0,0.0,0.0,nan,1096.49683,98.79981,0.73737,0.03049,0.90264
13,C-R-EoH,7.0,280.0,585.99632,4.554,28.3889,0.19448,0.0,0.05347,6.42464,0.17321,1.56223,7.0,0.40155,0.35734,0.40394,988.85672,58.58248,1.09603,0.67301,1.05416
14,Classical heuristic,6.0,240.0,598.71598,71.94593,168.74829,0.54533,0.33333,0.09376,14.3294,0.43003,19.86962,1.0,0.0,0.0,nan,1089.90735,96.6714,0.52648,0.0,1.0
14,Deterministic AHD,6.0,240.0,598.71598,71.94593,168.74829,0.54533,0.33333,0.09376,14.3294,0.43003,19.86962,1.0,0.0,0.0,nan,1089.90735,96.6714,0.52648,0.0,1.0
14,MO AHD (no fuzzy risk),6.0,240.0,598.71598,44.79625,154.94995,0.53598,0.0,0.04365,6.82303,0.47189,13.5708,1.0,0.0,0.0,nan,1079.70909,84.86091,0.82395,0.02069,0.93854
14,C-R-EoH,7.0,280.0,598.71598,6.12529,32.59272,0.31943,0.0,0.04023,5.31716,0.21992,3.19975,6.0,0.7962,0.77779,0.87448,1011.77487,53.93373,1.09939,0.19106,0.86752
15,Classical heuristic,6.0,240.0,535.81563,49.99089,139.38648,0.56963,0.33333,0.16254,25.84638,0.41913,10.96192,1.0,0.0,0.0,nan,986.99478,82.2821,0.52711,0.0,1.0
15,Deterministic AHD,5.0,200.0,535.81563,65.42934,161.41245,0.58264,0.6,0.02817,4.73623,0.38218,15.26975,1.0,0.0,0.0,nan,969.02075,86.92801,0.67604,0.26557,1.12
15,MO AHD (no fuzzy risk),6.0,240.0,535.81563,8.01023,30.20044,0.38316,0.0,0.03211,4.46051,0.34645,2.65885,1.0,0.0,0.0,nan,877.80874,46.83308,1.1025,0.30447,0.94971
15,C-R-EoH,6.0,240.0,535.81563,8.01023,30.20044,0.38316,0.0,0.03211,4.46051,0.34645,2.65885,5.0,0.31031,0.26158,0.99172,877.80874,46.83308,1.1025,0.30447,0.94971
16,Classical heuristic,6.0,240.0,578.32423,69.96446,163.74112,0.54488,0.5,0.11718,18.38166,0.45389,15.86017,1.0,0.0,0.0,nan,1063.13883,105.707,0.68418,0.0,1.0
16,Deterministic AHD,6.0,240.0,578.32423,69.96446,163.74112,0.54488,0.5,0.11718,18.38166,0.45389,15.86017,1.0,0.0,0.0,nan,1063.13883,105.707,0.68418,0.0,1.0
16,MO AHD (no fuzzy risk),5.0,200.0,578.32423,123.5971,239.09656,0.59187,1.0,0.02984,5.44055,0.24979,24.2594,1.0,0.0,0.0,nan,1098.49427,123.32915,0.99212,0.0,1.06606
16,C-R-EoH,7.0,280.0,578.32423,2.26749,5.30875,0.22978,0.0,0.04364,5.37797,0.15887,0.82285,6.0,0.26834,0.23227,0.91267,940.79126,53.92793,1.09955,0.0,0.77672
17,Classical heuristic,5.0,200.0,526.08185,55.4927,157.91845,0.57574,0.0,0.03229,5.65304,0.32694,14.94842,1.0,0.0,0.0,nan,956.99631,82.64592,0.5844,0.0,1.0
17,Deterministic AHD,5.0,200.0,526.08185,55.4927,157.91845,0.57574,0.0,0.03229,5.65304,0.32694,14.94842,1.0,0.0,0.0,nan,956.99631,82.64592,0.5844,0.0,1.0
17,MO AHD (no fuzzy risk),9.0,360.0,526.08185,0.0,0.0,0.0,0.0,0.0432,3.77948,0.0,0.0,3.0,0.67917,0.27725,1.0,959.07786,38.33746,0.59964,0.0,0.55
17,C-R-EoH,6.0,240.0,526.08185,5.71571,21.95883,0.37116,0.0,0.03763,5.04279,0.27827,1.93186,3.0,0.48148,0.44118,0.9952,862.52638,43.56214,1.1025,0.88108,1.11762
18,Classical heuristic,6.0,240.0,569.25502,77.93635,210.29515,0.55973,0.5,0.14413,22.68743,0.42258,18.01078,1.0,0.0,0.0,nan,1122.66742,113.85387,0.3258,0.0,1.0
18,Deterministic AHD,5.0,200.0,569.25502,112.92804,258.55841,0.58795,1.0,0.0324,6.13312,0.25875,23.85508,1.0,0.0,0.0,nan,1130.93068,123.07573,0.29981,0.0,1.05025
18,MO AHD (no fuzzy risk),5.0,200.0,569.25502,112.92804,258.55841,0.58795,1.0,0.0324,6.13312,0.25875,23.85508,1.0,0.0,0.0,nan,1130.93068,123.07573,0.29981,0.0,1.05025
18,C-R-EoH,7.0,280.0,569.25502,3.9183,12.12482,0.23677,0.0,0.04385,5.4449,0.24418,1.78408,4.0,0.43336,0.36192,0.80292,966.27649,56.45163,1.09145,0.0,0.75971
19,Classical heuristic,6.0,240.0,570.68521,56.81239,137.73837,0.55936,0.33333,0.11982,18.09655,0.49525,15.83422,1.0,0.0,0.0,nan,1016.04127,79.43756,0.35132,0.0,1.0
19,Deterministic AHD,6.0,240.0,570.68521,24.2257,81.19462,0.49049,0.0,0.05413,7.84314,0.39394,7.61729,1.0,0.0,0.0,nan,959.49751,60.30406,0.89202,0.20258,0.98514
19,MO AHD (no fuzzy risk),6.0,240.0,570.68521,19.618,65.52702,0.48526,0.0,0.0321,4.75223,0.39567,7.39495,2.0,0.16791,0.02804,nan,943.82991,55.40142,1.09122,0.03189,0.92851
19,C-R-EoH,6.0,240.0,570.68521,15.95315,58.17705,0.47847,0.0,0.0265,3.88356,0.37179,5.26254,3.0,0.44463,0.27673,0.914,936.47994,53.0301,1.10148,0.36262,1.01619
20,Classical heuristic,5.0,200.0,499.50343,64.5588,177.22993,0.5417,0.8,0.09189,14.83285,0.37196,17.49484,1.0,0.0,0.0,nan,970.79956,96.36462,0.60989,0.0,1.0
20,Deterministic AHD,5.0,200.0,499.50343,38.40082,140.35446,0.52439,0.0,0.03164,5.1398,0.29829,11.21976,1.0,0.0,0.0,nan,933.92409,83.27784,0.86568,0.0,0.94249
20,MO AHD (no fuzzy risk),5.0,200.0,499.50343,38.24113,140.35446,0.52476,0.0,0.02828,4.61842,0.27437,9.67355,2.0,0.33818,0.09329,nan,933.92409,83.13557,0.86652,0.0,0.92582
20,C-R-EoH,6.0,240.0,499.50343,1.61507,8.99159,0.10928,0.0,0.03018,3.93774,0.15323,0.79024,4.0,1.0,1.0,0.96834,840.83576,47.62696,1.09936,0.38442,0.91423
21,Classical heuristic,6.0,240.0,543.21773,61.12676,166.07818,0.56474,0.16667,0.17334,26.19062,0.48502,17.84875,1.0,0.0,0.0,nan,1032.40804,81.21047,0.46732,0.0,1.0
21,Deterministic AHD,5.0,200.0,543.21773,74.92304,189.49479,0.58325,0.6,0.04069,7.07125,0.44191,21.32964,1.0,0.0,0.0,nan,1015.82464,84.56352,0.6174,0.0,1.02173
21,MO AHD (no fuzzy risk),6.0,240.0,543.21773,8.41529,46.70975,0.36296,0.0,0.03228,4.69776,0.26252,3.01875,2.0,0.48183,0.43799,nan,913.0396,46.45158,1.1025,0.21297,0.91802
21,C-R-EoH,6.0,240.0,543.21773,8.41529,46.70975,0.36296,0.0,0.03228,4.69776,0.26252,3.01875,5.0,0.65455,0.62532,0.99287,913.0396,46.45158,1.1025,0.21297,0.91802
22,Classical heuristic,5.0,200.0,519.26325,46.64756,134.77161,0.55958,0.2,0.0316,5.15386,0.4039,12.66135,1.0,0.0,0.0,nan,924.61936,70.73438,0.58583,0.0,1.0
22,Deterministic AHD,5.0,200.0,519.26325,46.36724,134.77161,0.56028,0.2,0.02645,4.34357,0.33237,10.60965,1.0,0.0,0.0,nan,924.61936,71.69238,0.59263,0.31895,1.12
22,MO AHD (no fuzzy risk),6.0,240.0,519.26325,0.73507,6.70915,0.10957,0.0,0.02218,2.97453,0.07227,0.33981,1.0,0.0,0.0,nan,836.55757,35.44057,1.1025,0.50627,0.97153
22,C-R-EoH,6.0,240.0,519.26325,0.73507,6.70915,0.10957,0.0,0.02218,2.97453,0.07227,0.33981,3.0,1.0,0.57341,0.99992,836.55757,35.44057,1.1025,0.50627,0.97153
23,Classical heuristic,6.0,240.0,560.29588,79.82062,177.11347,0.58845,0.83333,0.16705,27.39219,0.3679,17.04873,1.0,0.0,0.0,nan,1046.1362,93.33073,0.6292,0.0,1.0
23,Deterministic AHD,5.0,200.0,560.29588,94.90588,193.5341,0.59314,1.0,0.02753,4.98739,0.32727,19.9069,1.0,0.0,0.0,nan,1022.55683,96.21377,0.73138,0.11732,1.11445
23,MO AHD (no fuzzy risk),5.0,200.0,560.29588,94.90588,193.5341,0.59314,1.0,0.02753,4.98739,0.32727,19.9069,1.0,0.0,0.0,nan,1022.55683,96.21377,0.73138,0.11732,1.11445
23,C-R-EoH,6.0,240.0,560.29588,11.53443,51.50332,0.45311,0.0,0.02409,3.48721,0.26999,3.28931,6.0,1.0,1.0,0.99821,918.17936,51.54543,1.1025,0.0,0.86349
24,Classical heuristic,6.0,240.0,563.77303,103.35788,258.34133,0.57837,0.5,0.19381,29.961,0.44633,25.33409,1.0,0.0,0.0,nan,1175.12468,126.66757,0.14541,0.0,1.0
24,Deterministic AHD,5.0,200.0,563.77303,105.50193,265.17502,0.58945,0.8,0.03594,6.52787,0.3962,23.56989,1.0,0.0,0.0,nan,1141.95837,129.52736,0.33959,0.0,1.01028
24,MO AHD (no fuzzy risk),7.0,280.0,563.77303,4.08789,22.22209,0.22937,0.0,0.04855,5.98005,0.12657,1.33171,1.0,0.0,0.0,nan,978.30632,59.72846,1.02555,0.37386,0.8882
24,C-R-EoH,7.0,280.0,563.77303,4.08789,22.22209,0.22937,0.0,0.04855,5.98005,0.12657,1.33171,7.0,0.43237,0.35613,0.80053,978.30632,59.72846,1.0915,0.37386,0.8882
25,Classical heuristic,5.0,200.0,480.73965,35.03509,114.55783,0.53286,0.0,0.07232,11.45697,0.30963,9.96902,1.0,0.0,0.0,nan,865.33137,72.33202,0.58672,0.0,1.0
25,Deterministic AHD,5.0,200.0,480.73965,19.3654,80.47778,0.47264,0.0,0.02675,3.90841,0.2436,5.5423,1.0,0.0,0.0,nan,831.17802,59.37087,0.93291,0.0,0.94382
25,MO AHD (no fuzzy risk),7.0,280.0,480.73965,0.0,0.0,0.0,0.0,0.03182,3.34688,0.0,0.0,3.0,0.43487,0.31227,0.70494,830.6716,36.64245,1.08233,0.12253,0.69551
25,C-R-EoH,6.0,240.0,480.73965,0.01815,0.0,-0.00024,0.0,0.02635,3.33293,0.02083,0.0121,3.0,0.43487,0.31227,0.70494,790.6716,36.66242,1.08233,0.3533,0.86475
26,Classical heuristic,6.0,240.0,561.97588,80.56635,263.59828,0.56184,0.0,0.15986,24.75069,0.44581,20.28479,1.0,0.0,0.0,nan,1209.95443,128.10875,0.15739,0.0,1.0
26,Deterministic AHD,5.0,200.0,561.97588,104.90648,309.53423,0.58827,1.0,0.03506,6.22179,0.33396,22.52315,1.0,0.0,0.0,nan,1215.89039,136.99867,0.19764,0.0,1.05079
26,MO AHD (no fuzzy risk),7.0,280.0,561.97588,6.32905,34.74761,0.25101,0.0,0.03753,4.72951,0.15885,2.07595,2.0,0.0939,0.2185,nan,1021.10377,65.76932,1.08198,0.0,0.73894
26,C-R-EoH,7.0,280.0,561.97588,6.32905,34.74761,0.25101,0.0,0.03753,4.72951,0.15885,2.07595,4.0,1.0,0.85944,0.92083,1021.10377,65.76932,1.08198,0.0,0.73894
27,Classical heuristic,5.0,200.0,525.416,56.02909,138.82298,0.569,0.4,0.02911,4.9767,0.29042,13.32955,1.0,0.0,0.0,nan,931.37163,85.97658,0.73065,0.0,1.0
27,Deterministic AHD,5.0,200.0,525.416,55.00545,138.82298,0.5709,0.2,0.02545,4.17604,0.27983,12.62093,1.0,0.0,0.0,nan,931.37163,86.6604,0.73336,0.0,0.99234
27,MO AHD (no fuzzy risk),6.0,240.0,525.416,5.37022,16.48661,0.34353,0.0,0.02613,3.5152,0.25127,2.37859,1.0,0.0,0.0,nan,848.06608,46.13103,1.08205,0.0,0.82222
27,C-R-EoH,6.0,240.0,525.416,4.60342,12.7844,0.34264,0.0,0.03681,5.01374,0.26505,1.69066,5.0,0.3203,0.29223,0.9976,845.18176,44.85369,1.1025,0.74401,1.08471
28,Classical heuristic,6.0,240.0,600.33138,111.20162,323.37336,0.57072,0.0,0.12522,20.0534,0.41757,23.83269,1.0,0.0,0.0,nan,1332.94643,190.81741,0.23975,0.0,1.0
28,Deterministic AHD,5.0,200.0,600.33138,159.67233,404.35961,0.59272,1.0,0.03576,6.9544,0.2965,32.42085,1.0,0.0,0.0,nan,1373.93269,211.31585,0.12509,0.03923,1.10233
28,MO AHD (no fuzzy risk),6.0,240.0,600.33138,73.95965,254.35961,0.53315,0.0,0.04543,6.65104,0.33133,16.30863,1.0,0.0,0.0,nan,1263.93269,163.3083,1.02131,0.25308,1.0399
28,C-R-EoH,8.0,320.0,600.33138,3.7016,21.48036,0.18334,0.0,0.05587,6.30649,0.15298,1.18303,5.0,1.0,0.60372,0.96852,1099.35167,91.0582,1.09475,0.49089,0.90099
29,Classical heuristic,5.0,200.0,510.12809,31.40496,81.10006,0.54446,0.2,0.0231,3.79163,0.35678,7.88646,1.0,0.0,0.0,nan,835.16676,50.55083,0.77238,0.0,1.0
29,Deterministic AHD,5.0,200.0,510.12809,29.14105,81.10006,0.55487,0.0,0.01715,2.81835,0.30474,7.25793,1.0,0.0,0.0,nan,835.16676,51.07949,0.79825,0.00582,0.98479
29,MO AHD (no fuzzy risk),5.0,200.0,510.12809,29.14105,81.10006,0.55487,0.0,0.01715,2.81835,0.30474,7.25793,1.0,0.0,0.0,nan,835.16676,51.07949,0.79825,0.00582,0.98479
29,C-R-EoH,6.0,240.0,510.12809,0.0,0.0,0.0,0.0,0.02047,2.68774,0.0,0.0,6.0,1.0,0.82484,0.84976,793.15792,25.20755,1.06787,0.27623,0.88494
