seed,method,f1,f2,f3,p95,hv,ood_degradation,lam,slack,balance,scenario_costs
0,Classical heuristic,757.8511312601033,934.0904337887059,120.20176990305427,1018.8182218044512,1.06501406445248,46.33755951427433,1.0,0.0,0.0,685.220;1054.107;805.965;594.466;786.162;873.697;617.154;698.199;611.868;710.146;754.019;721.105;686.010;685.220;685.220;685.220;511.020;533.126;562.160;583.430;604.532;621.879;650.639;676.685;691.715;715.273;742.233;765.729;786.473;816.475;837.020;864.093;880.094;907.231;928.861;948.401;968.063;999.311;1017.252;1048.572
0,Deterministic AHD,754.9257536078901,931.415060066374,120.35366450510278,1015.3972404264815,1.1024999999999987,46.51523512212093,1.1637900905868879,0.0,0.019019919694100208,682.558;1050.843;802.701;584.662;783.049;876.167;609.136;695.688;609.357;707.635;753.068;716.658;685.059;682.558;682.558;682.558;508.656;530.494;559.805;580.930;602.006;619.374;648.206;673.990;689.120;712.521;739.620;762.875;783.791;813.855;834.133;861.018;877.051;904.176;925.734;945.356;964.855;996.033;1013.821;1045.354
0,MO AHD (no fuzzy risk),754.9257536078901,931.4150600663738,120.35366450510278,1015.3972404264815,1.1025,46.51523512212093,1.1263387166232395,0.0,0.014292311758773792,682.558;1050.843;802.701;584.662;783.049;876.167;609.136;695.688;609.357;707.635;753.068;716.658;685.059;682.558;682.558;682.558;508.656;530.494;559.805;580.930;602.006;619.374;648.206;673.990;689.120;712.521;739.620;762.875;783.791;813.855;834.133;861.018;877.051;904.176;925.734;945.356;964.855;996.033;1013.821;1045.354
0,C-R-EoH,754.9257536078901,931.4150600663738,120.35366450510278,1015.3972404264815,1.1025,46.51523512212093,1.1263387166232395,0.0,0.014292311758773792,682.558;1050.843;802.701;584.662;783.049;876.167;609.136;695.688;609.357;707.635;753.068;716.658;685.059;682.558;682.558;682.558;508.656;530.494;559.805;580.930;602.006;619.374;648.206;673.990;689.120;712.521;739.620;762.875;783.791;813.855;834.133;861.018;877.051;904.176;925.734;945.356;964.855;996.033;1013.821;1045.354
1,Classical heuristic,660.6858094883453,842.3936704470792,121.05892732125119,927.2583161547275,1.1025,55.646531353579995,1.0,0.0,0.0,590.261;607.123;823.401;494.493;631.201;652.350;758.613;527.851;646.454;598.692;619.555;556.888;601.740;590.261;590.261;590.261;401.065;419.287;449.904;486.037;496.266;530.009;553.019;579.233;604.648;623.776;655.330;673.466;706.882;728.637;751.399;775.999;805.125;827.468;849.219;878.594;898.689;926.017;950.836;977.122
1,Deterministic AHD,660.6858094883453,842.3936704470792,121.05892732125119,927.2583161547275,1.1025,55.646531353579995,1.0,0.0,0.0,590.261;607.123;823.401;494.493;631.201;652.350;758.613;527.851;646.454;598.692;619.555;556.888;601.740;590.261;590.261;590.261;401.065;419.287;449.904;486.037;496.266;530.009;553.019;579.233;604.648;623.776;655.330;673.466;706.882;728.637;751.399;775.999;805.125;827.468;849.219;878.594;898.689;926.017;950.836;977.122
1,MO AHD (no fuzzy risk),660.6858094883453,842.3936704470792,121.05892732125119,927.2583161547275,1.1025,55.646531353579995,1.0,0.0,0.0,590.261;607.123;823.401;494.493;631.201;652.350;758.613;527.851;646.454;598.692;619.555;556.888;601.740;590.261;590.261;590.261;401.065;419.287;449.904;486.037;496.266;530.009;553.019;579.233;604.648;623.776;655.330;673.466;706.882;728.637;751.399;775.999;805.125;827.468;849.219;878.594;898.689;926.017;950.836;977.122
1,C-R-EoH,660.6858094883453,842.3936704470792,121.05892732125119,927.2583161547275,1.1025,55.646531353579995,1.0,0.0,0.0,590.261;607.123;823.401;494.493;631.201;652.350;758.613;527.851;646.454;598.692;619.555;556.888;601.740;590.261;590.261;590.261;401.065;419.287;449.904;486.037;496.266;530.009;553.019;579.233;604.648;623.776;655.330;673.466;706.882;728.637;751.399;775.999;805.125;827.468;849.219;878.594;898.689;926.017;950.836;977.122
2,Classical heuristic,671.8961892264072,828.9830255823891,110.47592526138374,890.4397706657679,0.9012314333481606,42.013218300112186,1.0,0.0,0.0,596.104;607.660;879.922;912.398;652.357;747.933;811.057;754.251;559.114;559.114;669.998;577.609;558.810;596.104;596.104;596.104;448.191;470.285;491.102;513.736;526.655;540.941;565.914;584.998;601.992;623.375;644.610;663.217;685.520;706.842;725.685;736.928;764.816;784.661;803.985;823.633;840.318;866.003;890.055;897.748
2,Deterministic AHD,663.9919909182963,809.3977765095625,102.27479845482985,870.5593986644731,1.1025,40.311013500344444,1.250413687483255,0.0,0.09297033084175048,591.697;631.343;843.337;891.598;669.218;720.754;782.516;741.648;557.896;557.896;662.014;574.797;560.919;591.697;591.697;591.697;451.113;472.512;492.032;513.628;526.271;539.864;563.711;582.624;597.092;617.910;637.018;656.901;675.183;696.444;713.582;725.772;751.901;770.794;789.650;807.178;822.682;847.170;870.181;877.743
2,MO AHD (no fuzzy risk),663.9919909182963,809.3977765095625,102.27479845482985,870.5593986644731,1.1025,40.311013500344444,1.4515369613106939,0.0,0.0,591.697;631.343;843.337;891.598;669.218;720.754;782.516;741.648;557.896;557.896;662.014;574.797;560.919;591.697;591.697;591.697;451.113;472.512;492.032;513.628;526.271;539.864;563.711;582.624;597.092;617.910;637.018;656.901;675.183;696.444;713.582;725.772;751.901;770.794;789.650;807.178;822.682;847.170;870.181;877.743
2,C-R-EoH,663.9919909182963,809.3977765095625,102.27479845482985,870.5593986644731,1.1025,40.311013500344444,1.250413687483255,0.0,0.09297033084175048,591.697;631.343;843.337;891.598;669.218;720.754;782.516;741.648;557.896;557.896;662.014;574.797;560.919;591.697;591.697;591.697;451.113;472.512;492.032;513.628;526.271;539.864;563.711;582.624;597.092;617.910;637.018;656.901;675.183;696.444;713.582;725.772;751.901;770.794;789.650;807.178;822.682;847.170;870.181;877.743
3,Classical heuristic,665.539862473134,790.9199377340921,87.86156683316872,834.6258858426489,1.0686412051277085,38.589815450293614,1.0,0.0,0.0,617.177;789.363;766.717;580.571;760.257;556.708;728.088;565.095;563.630;630.561;649.218;617.252;585.060;617.177;617.177;617.177;495.817;510.028;530.958;541.602;554.772;575.434;589.666;611.155;622.996;640.716;660.241;670.204;686.824;709.493;722.929;733.281;755.383;772.912;785.702;804.128;822.787;833.529;855.470;874.344
3,Deterministic AHD,665.5398624731339,790.9199377340921,87.86156683316871,834.625885842649,1.0686412051277092,38.58981545029362,1.5173777035252547,0.0,0.0,617.177;789.363;766.717;580.571;760.257;556.708;728.088;565.095;563.630;630.561;649.218;617.252;585.060;617.177;617.177;617.177;495.817;510.028;530.958;541.602;554.772;575.434;589.666;611.155;622.996;640.716;660.241;670.204;686.824;709.493;722.929;733.281;755.383;772.912;785.702;804.128;822.787;833.529;855.470;874.344
3,MO AHD (no fuzzy risk),665.5398624731339,790.9199377340921,87.86156683316871,834.625885842649,1.0686412051277092,38.58981545029362,1.5173777035252547,0.0,0.0,617.177;789.363;766.717;580.571;760.257;556.708;728.088;565.095;563.630;630.561;649.218;617.252;585.060;617.177;617.177;617.177;495.817;510.028;530.958;541.602;554.772;575.434;589.666;611.155;622.996;640.716;660.241;670.204;686.824;709.493;722.929;733.281;755.383;772.912;785.702;804.128;822.787;833.529;855.470;874.344
3,C-R-EoH,667.6218762163725,782.8527706100592,80.92027813376531,826.9226903862933,1.0686412051277092,36.11007776371918,1.044656166807432,0.0,0.0,622.235;771.664;748.388;601.187;753.097;572.962;721.401;574.069;576.152;639.850;648.430;624.426;593.850;622.235;622.235;622.235;508.082;521.384;541.085;551.275;563.861;583.208;596.616;616.305;628.117;644.297;662.802;672.569;687.990;708.932;721.636;731.494;751.999;768.578;780.816;798.137;815.416;825.913;846.103;863.845
4,Classical heuristic,740.8611289832828,877.7896701433654,96.40205326746957,945.6456284657444,0.9441864323888738,43.057712503007465,1.0,0.0,0.0,671.224;815.724;628.483;695.266;804.625;769.337;827.797;754.840;644.271;779.777;714.411;698.245;722.709;671.224;671.224;671.224;523.097;538.837;560.120;583.677;604.612;620.849;643.265;662.049;681.516;700.649;723.090;743.874;762.090;783.219;804.154;824.469;843.786;868.337;885.218;902.397;927.462;944.257;972.023;991.015
4,Deterministic AHD,726.105099628584,858.7937404610461,91.90431685123832,920.1280164036858,1.1025,41.22940756200142,0.4,0.012266185646837577,0.0,658.731;837.402;639.107;701.431;778.664;736.762;817.266;722.832;626.411;768.848;683.955;697.359;702.536;658.731;658.731;658.731;517.306;532.359;553.445;574.797;594.151;610.483;631.509;649.956;669.589;686.299;707.776;726.687;746.869;764.494;785.598;803.292;823.274;846.976;861.970;879.302;903.286;918.808;945.204;963.275
4,MO AHD (no fuzzy risk),726.105099628584,858.7937404610461,91.90431685123832,920.1280164036858,1.1025,41.22940756200142,0.4,0.012266185646837577,0.0,658.731;837.402;639.107;701.431;778.664;736.762;817.266;722.832;626.411;768.848;683.955;697.359;702.536;658.731;658.731;658.731;517.306;532.359;553.445;574.797;594.151;610.483;631.509;649.956;669.589;686.299;707.776;726.687;746.869;764.494;785.598;803.292;823.274;846.976;861.970;879.302;903.286;918.808;945.204;963.275
4,C-R-EoH,726.105099628584,858.7937404610461,91.90431685123832,920.1280164036858,1.1025,41.22940756200142,0.4,0.012266185646837577,0.0,658.731;837.402;639.107;701.431;778.664;736.762;817.266;722.832;626.411;768.848;683.955;697.359;702.536;658.731;658.731;658.731;517.306;532.359;553.445;574.797;594.151;610.483;631.509;649.956;669.589;686.299;707.776;726.687;746.869;764.494;785.598;803.292;823.274;846.976;861.970;879.302;903.286;918.808;945.204;963.275
5,Classical heuristic,739.7269390577882,905.1636888526397,109.8009501030599,969.5877223539333,1.0800767515902034,47.16169405637964,1.0,0.0,0.0,671.672;553.203;495.217;943.140;746.051;875.273;730.483;727.578;739.306;727.578;739.539;702.328;690.318;671.672;671.672;671.672;502.166;527.886;553.424;569.026;595.258;610.391;635.778;665.043;679.548;706.219;720.453;749.892;768.579;789.989;821.326;843.211;861.195;889.068;900.285;917.174;945.909;968.252;994.958;1017.348
5,Deterministic AHD,741.2106822214153,918.0536245693627,118.26323320179199,983.611760453983,1.0245204176030056,49.83520060387186,1.6857962319318873,0.02838982744396168,0.09631169703005135,669.465;529.381;483.382;972.176;759.887;896.498;744.320;713.495;725.223;713.495;745.142;705.469;685.170;669.465;669.465;669.465;490.327;518.149;545.151;561.002;589.598;604.738;631.347;662.653;677.574;706.413;720.947;751.620;771.391;794.153;827.520;850.152;870.084;899.079;910.632;928.353;958.636;982.175;1010.909;1034.332
5,MO AHD (no fuzzy risk),741.2106822214153,918.0536245693627,118.26323320179199,983.611760453983,1.1025,49.83520060387186,1.6857962319318873,0.02838982744396168,0.09631169703005135,669.465;529.381;483.382;972.176;759.887;896.498;744.320;713.495;725.223;713.495;745.142;705.469;685.170;669.465;669.465;669.465;490.327;518.149;545.151;561.002;589.598;604.738;631.347;662.653;677.574;706.413;720.947;751.620;771.391;794.153;827.520;850.152;870.084;899.079;910.632;928.353;958.636;982.175;1010.909;1034.332
5,C-R-EoH,737.4057744146828,902.1344002667191,109.37246455637906,966.328953838244,1.1025,47.12699620168424,1.0332773997651548,0.02153410035660873,0.000869644764819459,669.628;551.872;493.886;939.672;744.542;872.161;728.974;724.823;736.550;724.823;737.139;700.463;687.918;669.628;669.628;669.628;500.801;526.437;551.872;567.406;593.540;608.594;633.875;663.030;677.476;704.080;718.217;747.521;766.132;787.456;818.674;840.466;858.420;886.139;897.310;914.145;942.772;964.998;991.618;1013.915
6,Classical heuristic,719.4813403261169,901.7334686273068,126.94193810200741,964.9127199174551,1.1025,53.64335905038464,1.0,0.0,0.0,636.812;659.555;884.138;810.907;489.851;598.279;930.735;832.761;723.415;630.988;707.881;726.189;615.370;636.812;636.812;636.812;460.534;467.767;508.297;530.961;546.934;580.959;602.277;619.745;643.935;669.561;693.736;715.873;747.943;770.354;799.067;821.714;850.653;866.353;893.900;918.802;938.836;963.266;996.195;1014.276
6,Deterministic AHD,719.4813403261169,901.7334686273068,126.94193810200741,964.9127199174551,1.1025,53.64335905038464,1.0,0.0,0.0,636.812;659.555;884.138;810.907;489.851;598.279;930.735;832.761;723.415;630.988;707.881;726.189;615.370;636.812;636.812;636.812;460.534;467.767;508.297;530.961;546.934;580.959;602.277;619.745;643.935;669.561;693.736;715.873;747.943;770.354;799.067;821.714;850.653;866.353;893.900;918.802;938.836;963.266;996.195;1014.276
6,MO AHD (no fuzzy risk),719.4813403261169,901.7334686273068,126.94193810200741,964.9127199174551,1.1025,53.64335905038464,1.0,0.0,0.0,636.812;659.555;884.138;810.907;489.851;598.279;930.735;832.761;723.415;630.988;707.881;726.189;615.370;636.812;636.812;636.812;460.534;467.767;508.297;530.961;546.934;580.959;602.277;619.745;643.935;669.561;693.736;715.873;747.943;770.354;799.067;821.714;850.653;866.353;893.900;918.802;938.836;963.266;996.195;1014.276
6,C-R-EoH,719.4813403261169,901.7334686273068,126.94193810200741,964.9127199174551,1.1025,53.64335905038464,1.0,0.0,0.0,636.812;659.555;884.138;810.907;489.851;598.279;930.735;832.761;723.415;630.988;707.881;726.189;615.370;636.812;636.812;636.812;460.534;467.767;508.297;530.961;546.934;580.959;602.277;619.745;643.935;669.561;693.736;715.873;747.943;770.354;799.067;821.714;850.653;866.353;893.900;918.802;938.836;963.266;996.195;1014.276
7,Classical heuristic,785.4360259831749,997.057382714468,140.9619560244858,1079.4362462868505,0.778659187591261,53.616636307049035,1.0,0.0,0.0,709.798;1038.649;788.075;775.416;756.044;962.535;564.982;623.454;738.736;623.454;683.078;684.252;685.199;709.798;709.798;709.798;501.189;528.045;561.583;590.721;617.124;634.822;664.193;699.794;729.421;756.566;773.962;801.513;834.882;862.703;887.100;919.750;941.934;962.058;995.902;1029.016;1057.026;1078.200;1102.918;1123.956
7,Deterministic AHD,753.3990573306775,948.9687258723304,131.07281172918042,1023.8214407744533,1.1025,51.36313993430804,1.1772515211496104,0.021118136303519677,0.0,682.545;988.379;749.061;774.654;712.002;925.989;558.070;609.762;705.602;609.762;654.798;658.629;656.919;682.545;682.545;682.545;489.658;514.132;545.220;573.146;597.429;613.540;640.659;673.428;700.787;725.552;741.786;766.824;797.769;823.619;846.930;876.521;897.240;915.612;946.922;977.314;1004.078;1022.668;1045.737;1065.582
7,MO AHD (no fuzzy risk),753.3990573306775,948.9687258723304,131.07281172918042,1023.8214407744533,1.1025,51.36313993430804,1.1772515211496104,0.021118136303519677,0.0,682.545;988.379;749.061;774.654;712.002;925.989;558.070;609.762;705.602;609.762;654.798;658.629;656.919;682.545;682.545;682.545;489.658;514.132;545.220;573.146;597.429;613.540;640.659;673.428;700.787;725.552;741.786;766.824;797.769;823.619;846.930;876.521;897.240;915.612;946.922;977.314;1004.078;1022.668;1045.737;1065.582
7,C-R-EoH,753.3990573306775,948.9687258723304,131.07281172918042,1023.8214407744533,1.1025,51.36313993430804,1.1772515211496104,0.021118136303519677,0.0,682.545;988.379;749.061;774.654;712.002;925.989;558.070;609.762;705.602;609.762;654.798;658.629;656.919;682.545;682.545;682.545;489.658;514.132;545.220;573.146;597.429;613.540;640.659;673.428;700.787;725.552;741.786;766.824;797.769;823.619;846.930;876.521;897.240;915.612;946.922;977.314;1004.078;1022.668;1045.737;1065.582
8,Classical heuristic,682.7167467383977,820.8603896818148,97.35315887829843,876.8266075565718,0.6281714881812083,42.24336887243395,1.0,0.0,0.0,606.612;711.749;730.751;848.108;792.075;708.559;681.124;709.861;631.540;706.967;640.594;615.023;611.378;606.612;606.612;606.612;459.005;467.828;491.619;513.221;541.238;553.131;577.346;593.737;612.321;638.969;657.852;677.610;693.571;716.789;740.295;756.071;773.119;799.338;822.172;838.851;862.914;875.247;906.835;925.410
8,Deterministic AHD,643.0969400520944,768.4783009207421,89.05079042320028,820.8873645677423,1.1025,41.52529852527724,1.0747760864005584,0.01631195591153018,0.10441288480434507,573.900;691.222;710.223;772.594;727.261;667.131;657.551;655.747;585.696;652.854;604.977;581.696;578.052;573.900;573.900;573.900;438.139;447.314;469.340;488.714;514.055;525.334;547.386;562.214;579.663;603.878;620.276;638.587;653.686;674.547;696.502;710.417;726.225;750.179;770.778;786.130;807.435;819.459;848.028;864.988
8,MO AHD (no fuzzy risk),643.0969400520944,768.4783009207421,89.05079042320028,820.8873645677423,1.1025,41.52529852527724,1.0747760864005584,0.01631195591153018,0.10441288480434507,573.900;691.222;710.223;772.594;727.261;667.131;657.551;655.747;585.696;652.854;604.977;581.696;578.052;573.900;573.900;573.900;438.139;447.314;469.340;488.714;514.055;525.334;547.386;562.214;579.663;603.878;620.276;638.587;653.686;674.547;696.502;710.417;726.225;750.179;770.778;786.130;807.435;819.459;848.028;864.988
8,C-R-EoH,643.0969400520944,768.4783009207421,89.05079042320028,820.8873645677423,1.1025,41.52529852527724,1.0747760864005584,0.01631195591153018,0.10441288480434507,573.900;691.222;710.223;772.594;727.261;667.131;657.551;655.747;585.696;652.854;604.977;581.696;578.052;573.900;573.900;573.900;438.139;447.314;469.340;488.714;514.055;525.334;547.386;562.214;579.663;603.878;620.276;638.587;653.686;674.547;696.502;710.417;726.225;750.179;770.778;786.130;807.435;819.459;848.028;864.988
9,Classical heuristic,804.9847820666316,959.8044470360554,104.29832982617208,1041.361524896795,0.966951449698274,43.08804894253972,1.0,0.0,0.0,732.390;817.763;817.763;811.661;773.828;884.086;908.705;722.077;770.781;788.438;686.981;759.792;791.838;732.390;732.390;732.390;560.829;582.260;606.110;629.517;648.957;675.497;693.590;715.983;740.115;763.519;784.031;813.032;838.016;859.726;878.512;901.046;927.931;949.482;971.522;993.569;1017.128;1040.235;1062.763;1082.753
9,Deterministic AHD,794.0427670385795,944.2828949334047,100.78196024112421,1027.4932008323176,1.1025,43.01517146272662,0.41750951668344144,0.0,0.0,722.292;791.032;791.032;815.976;787.750;854.565;879.185;723.818;761.336;785.547;677.439;750.021;787.431;722.292;722.292;722.292;553.075;573.439;597.523;621.707;639.106;665.372;683.789;706.062;729.804;753.647;773.288;802.207;826.463;848.378;866.736;888.532;915.711;936.624;958.690;979.491;1003.476;1026.385;1048.552;1069.353
9,MO AHD (no fuzzy risk),794.0427670385795,944.2828949334047,100.78196024112421,1027.4932008323176,1.1025,43.01517146272662,0.41750951668344144,0.0,0.0,722.292;791.032;791.032;815.976;787.750;854.565;879.185;723.818;761.336;785.547;677.439;750.021;787.431;722.292;722.292;722.292;553.075;573.439;597.523;621.707;639.106;665.372;683.789;706.062;729.804;753.647;773.288;802.207;826.463;848.378;866.736;888.532;915.711;936.624;958.690;979.491;1003.476;1026.385;1048.552;1069.353
9,C-R-EoH,794.0427670385795,944.2828949334047,100.78196024112421,1027.4932008323176,1.1025,43.01517146272662,0.41750951668344144,0.0,0.0,722.292;791.032;791.032;815.976;787.750;854.565;879.185;723.818;761.336;785.547;677.439;750.021;787.431;722.292;722.292;722.292;553.075;573.439;597.523;621.707;639.106;665.372;683.789;706.062;729.804;753.647;773.288;802.207;826.463;848.378;866.736;888.532;915.711;936.624;958.690;979.491;1003.476;1026.385;1048.552;1069.353
10,Classical heuristic,621.6868432549721,721.5189768644296,68.11498424879464,776.3946810618063,1.1024999999999994,35.751072922538455,1.0,0.0,0.0,579.858;622.823;486.795;652.156;593.759;684.153;600.454;653.722;616.007;620.470;562.177;590.599;566.192;579.858;579.858;579.858;473.107;486.381;497.676;514.959;531.514;543.843;557.682;574.566;586.527;599.434;614.923;630.974;645.276;658.950;673.252;688.093;701.226;715.486;729.309;746.928;761.976;775.667;790.222;800.763
10,Deterministic AHD,621.6868432549721,721.5189768644296,68.11498424879464,776.3946810618063,1.1024999999999994,35.751072922538455,1.0,0.0,0.0,579.858;622.823;486.795;652.156;593.759;684.153;600.454;653.722;616.007;620.470;562.177;590.599;566.192;579.858;579.858;579.858;473.107;486.381;497.676;514.959;531.514;543.843;557.682;574.566;586.527;599.434;614.923;630.974;645.276;658.950;673.252;688.093;701.226;715.486;729.309;746.928;761.976;775.667;790.222;800.763
10,MO AHD (no fuzzy risk),621.6868432549721,721.5189768644296,68.11498424879464,776.3946810618063,1.1025,35.751072922538455,1.0,0.0,0.0,579.858;622.823;486.795;652.156;593.759;684.153;600.454;653.722;616.007;620.470;562.177;590.599;566.192;579.858;579.858;579.858;473.107;486.381;497.676;514.959;531.514;543.843;557.682;574.566;586.527;599.434;614.923;630.974;645.276;658.950;673.252;688.093;701.226;715.486;729.309;746.928;761.976;775.667;790.222;800.763
10,C-R-EoH,621.686843254972,721.5189768644296,68.11498424879463,776.3946810618063,1.1025,35.75107292253848,0.5511978735893253,0.0,0.0,579.858;622.823;486.795;652.156;593.759;684.153;600.454;653.722;616.007;620.470;562.177;590.599;566.192;579.858;579.858;579.858;473.107;486.381;497.676;514.959;531.514;543.843;557.682;574.566;586.527;599.434;614.923;630.974;645.276;658.950;673.252;688.093;701.226;715.486;729.309;746.928;761.976;775.667;790.222;800.763
11,Classical heuristic,678.3047360059413,858.2512984698668,123.7675475737572,954.8197515406457,1.0261578288890434,58.29684778916869,1.0,0.0,0.0,610.899;626.866;464.576;564.553;647.365;557.121;748.459;753.366;803.354;561.969;686.847;599.313;614.891;610.899;610.899;610.899;420.780;447.806;480.515;504.432;520.927;549.152;573.062;595.068;624.522;653.451;675.695;702.695;719.186;740.536;776.057;799.596;832.661;842.932;866.416;898.553;919.637;954.276;965.152;996.809
11,Deterministic AHD,671.9948111794547,849.4972977215803,122.05453347408175,945.1162567121245,1.1025,58.1366167470702,0.9857273150478955,0.0,0.0,605.190;623.448;461.159;561.136;643.374;553.131;739.313;745.365;795.353;557.406;679.992;594.176;609.754;605.190;605.190;605.190;417.274;444.009;476.259;499.935;516.223;544.144;567.806;589.595;618.694;647.226;669.279;695.931;712.265;733.349;768.427;791.655;824.385;834.612;857.753;889.563;910.411;944.575;955.395;986.658
11,MO AHD (no fuzzy risk),671.9948111794547,849.4972977215803,122.05453347408175,945.1162567121245,1.1025,58.1366167470702,0.9857273150478955,0.0,0.0,605.190;623.448;461.159;561.136;643.374;553.131;739.313;745.365;795.353;557.406;679.992;594.176;609.754;605.190;605.190;605.190;417.274;444.009;476.259;499.935;516.223;544.144;567.806;589.595;618.694;647.226;669.279;695.931;712.265;733.349;768.427;791.655;824.385;834.612;857.753;889.563;910.411;944.575;955.395;986.658
11,C-R-EoH,671.9948111794547,849.4972977215803,122.05453347408175,945.1162567121245,1.1025,58.1366167470702,0.9857273150478955,0.0,0.0,605.190;623.448;461.159;561.136;643.374;553.131;739.313;745.365;795.353;557.406;679.992;594.176;609.754;605.190;605.190;605.190;417.274;444.009;476.259;499.935;516.223;544.144;567.806;589.595;618.694;647.226;669.279;695.931;712.265;733.349;768.427;791.655;824.385;834.612;857.753;889.563;910.411;944.575;955.395;986.658
12,Classical heuristic,692.3393591393012,752.8631564292838,42.02159810640734,784.7862067544378,0.851731726204652,21.187455652624582,1.0,0.0,0.0,663.089;686.832;731.614;731.614;713.282;713.282;651.216;688.687;655.174;687.751;686.573;670.285;652.737;663.089;663.089;663.089;595.502;604.451;614.880;624.222;634.461;642.463;651.058;656.401;665.250;677.337;685.739;694.053;702.364;714.789;719.794;729.765;739.634;745.601;758.021;764.470;774.948;784.349;793.086;799.535
12,Deterministic AHD,677.433103516271,735.6837176309557,40.31959745669496,766.8377305619937,1.1025,20.86507661794598,1.2429057454965504,0.0009994380345628234,0.030859701742024216,649.191;671.331;713.445;713.445;696.341;696.341;641.195;672.654;643.861;676.192;671.661;655.495;638.561;649.191;649.191;649.191;583.879;592.456;602.555;611.664;621.464;629.301;637.520;642.724;651.317;662.946;671.029;679.092;687.092;699.163;703.962;713.530;723.217;729.003;740.944;747.295;757.399;766.414;774.893;781.176
12,MO AHD (no fuzzy risk),677.433103516271,735.6837176309557,40.319597456694964,766.8377305619937,1.1025,20.86507661794598,1.3354501563183236,0.0,0.0,649.191;671.331;713.445;713.445;696.341;696.341;641.195;672.654;643.861;676.192;671.661;655.495;638.561;649.191;649.191;649.191;583.879;592.456;602.555;611.664;621.464;629.301;637.520;642.724;651.317;662.946;671.029;679.092;687.092;699.163;703.962;713.530;723.217;729.003;740.944;747.295;757.399;766.414;774.893;781.176
12,C-R-EoH,677.433103516271,735.6837176309557,40.31959745669496,766.8377305619937,1.1025,20.86507661794598,1.2429057454965504,0.0009994380345628234,0.030859701742024216,649.191;671.331;713.445;713.445;696.341;696.341;641.195;672.654;643.861;676.192;671.661;655.495;638.561;649.191;649.191;649.191;583.879;592.456;602.555;611.664;621.464;629.301;637.520;642.724;651.317;662.946;671.029;679.092;687.092;699.163;703.962;713.530;723.217;729.003;740.944;747.295;757.399;766.414;774.893;781.176
13,Classical heuristic,776.2209092396271,941.9335928174704,112.53290969241212,1036.9323646459895,1.0158477618619977,41.97525068068113,1.0,0.0,0.0,693.512;801.605;1036.898;745.079;674.380;753.101;708.409;784.461;864.691;813.468;654.552;752.278;779.101;693.512;693.512;693.512;522.162;541.577;563.156;592.901;611.077;636.186;660.188;676.698;706.259;723.148;754.783;776.480;798.603;823.488;846.545;869.835;897.052;912.158;939.650;964.564;982.082;1010.439;1037.586;1060.149
13,Deterministic AHD,769.551069024802,933.3037043427723,110.51184148178936,1027.405557233278,1.1025,41.78981408998303,1.1212529024888789,0.0,0.03747863180546286,686.504;774.601;1027.352;756.798;662.252;760.138;715.446;782.769;856.414;809.239;647.861;746.659;771.459;686.504;686.504;686.504;516.535;535.407;556.478;586.875;604.655;629.666;653.609;669.849;699.566;715.877;747.617;768.579;791.140;816.165;838.813;861.166;888.717;903.540;930.736;956.077;973.293;1001.334;1028.429;1050.913
13,MO AHD (no fuzzy risk),769.551069024802,933.3037043427723,110.51184148178936,1027.405557233278,1.1025,41.78981408998303,1.1212529024888789,0.0,0.03747863180546286,686.504;774.601;1027.352;756.798;662.252;760.138;715.446;782.769;856.414;809.239;647.861;746.659;771.459;686.504;686.504;686.504;516.535;535.407;556.478;586.875;604.655;629.666;653.609;669.849;699.566;715.877;747.617;768.579;791.140;816.165;838.813;861.166;888.717;903.540;930.736;956.077;973.293;1001.334;1028.429;1050.913
13,C-R-EoH,769.551069024802,933.3037043427723,110.51184148178936,1027.405557233278,1.1025,41.78981408998303,1.1212529024888789,0.0,0.03747863180546286,686.504;774.601;1027.352;756.798;662.252;760.138;715.446;782.769;856.414;809.239;647.861;746.659;771.459;686.504;686.504;686.504;516.535;535.407;556.478;586.875;604.655;629.666;653.609;669.849;699.566;715.877;747.617;768.579;791.140;816.165;838.813;861.166;888.717;903.540;930.736;956.077;973.293;1001.334;1028.429;1050.913
14,Classical heuristic,722.6022251056056,827.5795013869549,71.13900230495855,873.236358499737,0.6666846900198533,33.019914454194016,1.0,0.0,0.0,675.367;793.272;824.767;728.253;662.331;748.421;675.380;685.346;724.349;632.870;688.728;700.961;712.717;675.367;675.367;675.367;565.474;577.862;594.360;606.198;623.371;638.230;652.373;668.328;684.078;694.379;710.015;727.133;742.932;757.334;771.471;787.216;802.155;816.110;830.157;842.392;863.487;872.329;890.467;907.378
14,Deterministic AHD,704.4800633579116,806.552598123416,68.50151310850126,849.7333110720158,1.0924459668111737,32.629435181280634,1.300671965594615,0.03572794341827034,0.2512640408795367,659.575;768.979;811.362;684.400;664.397;711.583;662.775;660.967;715.018;613.759;676.167;680.875;697.522;659.575;659.575;659.575;554.132;566.217;580.934;592.884;608.614;623.274;637.322;652.416;667.959;677.557;692.538;709.823;724.584;738.590;752.389;767.426;781.743;795.007;808.797;820.664;840.847;848.815;867.177;883.388
14,MO AHD (no fuzzy risk),704.4800633579116,806.552598123416,68.50151310850126,849.7333110720158,1.1025,32.629435181280634,1.300671965594615,0.03572794341827034,0.2512640408795367,659.575;768.979;811.362;684.400;664.397;711.583;662.775;660.967;715.018;613.759;676.167;680.875;697.522;659.575;659.575;659.575;554.132;566.217;580.934;592.884;608.614;623.274;637.322;652.416;667.959;677.557;692.538;709.823;724.584;738.590;752.389;767.426;781.743;795.007;808.797;820.664;840.847;848.815;867.177;883.388
14,C-R-EoH,704.4092290327319,805.7536156111678,68.17299349126995,849.3040737839455,1.1025,32.55427023200134,1.0588434561147584,0.01881724810139035,0.310095846860333,659.620;768.275;806.640;688.838;660.867;714.923;663.102;661.200;714.689;616.001;676.024;681.014;696.375;659.620;659.620;659.620;554.438;566.476;581.318;593.140;608.960;623.547;637.391;652.604;667.893;677.676;692.610;709.597;724.412;738.340;752.022;767.152;781.343;794.713;808.362;820.204;840.293;848.402;866.445;882.607
15,Classical heuristic,685.2708858982098,783.3441945320665,68.7568176574076,830.2017588800971,1.1025,28.486577655975697,1.0,0.0,0.0,644.077;648.268;718.248;648.047;773.407;657.066;561.131;730.451;592.831;726.245;643.098;687.131;670.733;644.077;644.077;644.077;539.607;553.827;570.143;580.376;595.294;607.149;624.604;640.930;651.169;664.735;675.510;694.448;705.513;721.197;735.450;744.991;761.974;774.614;790.687;799.944;813.425;829.452;844.448;858.387
15,Deterministic AHD,688.36490890551,794.760883343434,74.41950405322083,847.802489179086,1.0296010979804775,31.469373737474342,0.4686596817526313,0.0,0.07682862684014934,643.753;650.586;720.682;676.715;767.305;641.139;552.964;743.115;584.750;724.599;644.700;691.469;665.776;643.753;643.753;643.753;529.301;544.853;562.593;574.302;590.605;603.451;622.016;640.097;651.533;666.805;678.439;698.588;711.729;728.082;743.602;754.329;772.822;786.649;804.144;814.543;829.002;847.007;862.922;878.369
15,MO AHD (no fuzzy risk),688.36490890551,794.760883343434,74.41950405322083,847.802489179086,1.1025,31.469373737474342,0.4686596817526313,0.0,0.07682862684014934,643.753;650.586;720.682;676.715;767.305;641.139;552.964;743.115;584.750;724.599;644.700;691.469;665.776;643.753;643.753;643.753;529.301;544.853;562.593;574.302;590.605;603.451;622.016;640.097;651.533;666.805;678.439;698.588;711.729;728.082;743.602;754.329;772.822;786.649;804.144;814.543;829.002;847.007;862.922;878.369
15,C-R-EoH,685.2708858982098,783.3441945320665,68.75681765740758,830.2017588800973,1.1025,28.486577655975697,1.022175194001919,0.011503422883050493,0.0,644.077;648.268;718.248;648.047;773.407;657.066;561.131;730.451;592.831;726.245;643.098;687.131;670.733;644.077;644.077;644.077;539.607;553.827;570.143;580.376;595.294;607.149;624.604;640.930;651.169;664.735;675.510;694.448;705.513;721.197;735.450;744.991;761.974;774.614;790.687;799.944;813.425;829.452;844.448;858.387
16,Classical heuristic,690.7295690775647,774.4693072850595,57.52956421128458,819.1497768550266,1.09666648854266,27.99062756578022,1.0,0.0,0.0,648.346;678.545;709.648;719.478;682.279;602.992;697.728;749.676;706.696;678.912;672.509;687.662;666.110;648.346;648.346;648.346;556.991;567.229;581.740;588.973;604.375;614.657;630.039;640.366;651.947;667.964;678.786;693.605;707.946;716.435;731.607;745.516;758.933;769.379;779.769;792.540;808.363;818.347;834.393;843.664
16,Deterministic AHD,690.3962813250655,773.9679750140834,57.41324311402352,818.5649235048187,1.1025,27.952331134943556,1.2763576332348823,0.0,0.026966700471959877,648.135;678.550;708.847;718.835;681.625;602.339;697.797;749.250;706.270;678.485;672.352;687.303;665.752;648.135;648.135;648.135;556.980;567.185;581.678;588.873;604.257;614.511;629.876;640.175;651.732;667.719;678.519;693.286;707.614;716.073;731.218;745.101;758.502;768.897;779.284;792.022;807.800;817.763;833.803;843.035
16,MO AHD (no fuzzy risk),690.3962813250655,773.9679750140834,57.413243114023544,818.5649235048187,1.1025,27.952331134943606,1.1546731252899287,0.0,0.0,648.135;678.550;708.847;718.835;681.625;602.339;697.797;749.250;706.270;678.485;672.352;687.303;665.752;648.135;648.135;648.135;556.980;567.185;581.678;588.873;604.257;614.511;629.876;640.175;651.732;667.719;678.519;693.286;707.614;716.073;731.218;745.101;758.502;768.897;779.284;792.022;807.800;817.763;833.803;843.035
16,C-R-EoH,690.3962813250655,773.9679750140834,57.41324311402352,818.5649235048187,1.1025,27.952331134943556,1.2763576332348823,0.0,0.026966700471959877,648.135;678.550;708.847;718.835;681.625;602.339;697.797;749.250;706.270;678.485;672.352;687.303;665.752;648.135;648.135;648.135;556.980;567.185;581.678;588.873;604.257;614.511;629.876;640.175;651.732;667.719;678.519;693.286;707.614;716.073;731.218;745.101;758.502;768.897;779.284;792.022;807.800;817.763;833.803;843.035
17,Classical heuristic,630.0911738732915,699.5079247079195,47.58006690222832,732.4498880139053,1.0577038884601062,23.928225114079016,1.0,0.0,0.0,595.216;616.283;616.804;668.110;643.386;662.761;705.387;583.492;617.728;600.332;621.150;626.661;600.613;595.216;595.216;595.216;518.086;530.980;539.845;548.157;562.494;571.304;580.288;593.075;600.815;610.701;620.824;633.781;641.724;650.657;661.270;669.541;678.085;690.362;701.594;711.244;719.897;731.877;743.326;750.148
17,Deterministic AHD,628.8452416614715,701.5435432491504,50.25123346076158,736.1612867816112,1.0529548482178839,24.932913128216722,0.614276741668472,0.0,0.0,592.337;605.173;614.582;674.606;651.158;652.912;710.328;588.544;617.804;594.702;615.270;622.857;597.899;592.337;592.337;592.337;511.236;525.258;534.509;543.041;557.936;567.562;576.796;590.194;597.797;608.684;619.223;632.816;640.951;650.402;661.605;670.374;679.212;691.956;703.945;713.766;723.335;735.575;747.307;755.144
17,MO AHD (no fuzzy risk),628.8452416614715,701.5435432491504,50.25123346076158,736.1612867816112,1.0529548482178839,24.932913128216722,0.614276741668472,0.0,0.0,592.337;605.173;614.582;674.606;651.158;652.912;710.328;588.544;617.804;594.702;615.270;622.857;597.899;592.337;592.337;592.337;511.236;525.258;534.509;543.041;557.936;567.562;576.796;590.194;597.797;608.684;619.223;632.816;640.951;650.402;661.605;670.374;679.212;691.956;703.945;713.766;723.335;735.575;747.307;755.144
17,C-R-EoH,633.4501931582151,694.9943620033464,42.69893450505345,726.0468762787758,1.0529548482178839,21.47988073798016,1.1678456174322167,0.0,0.0,602.006;631.269;603.776;659.179;658.893;654.688;700.135;596.092;630.328;612.933;623.069;629.521;602.449;602.006;602.006;602.006;532.279;544.697;551.908;559.748;572.099;581.050;588.327;600.047;606.675;616.243;624.841;636.840;644.020;652.158;661.873;669.412;676.748;687.427;697.554;706.469;714.439;725.557;735.353;741.887
18,Classical heuristic,709.168502977884,843.8408840305184,88.2133617119282,910.6998746531311,0.8937874836105738,38.915741182534276,1.0,0.0,0.0,666.110;645.021;529.515;937.695;619.140;628.596;649.090;668.812;696.326;690.945;695.074;660.437;672.158;666.110;666.110;666.110;539.129;551.411;575.621;591.375;602.196;624.473;640.819;655.760;673.363;692.568;707.843;722.695;742.103;759.239;774.587;792.334;812.799;828.289;846.101;858.144;880.269;894.782;909.467;934.123
18,Deterministic AHD,692.0089692434173,822.1864623657935,85.56024182614755,886.7814155722242,1.1025,38.538962610361445,0.7778865168511924,0.0,0.10197272055680213,650.386;630.695;518.503;912.547;573.789;641.451;634.414;654.840;698.601;653.812;679.699;645.062;654.605;650.386;650.386;650.386;528.132;539.565;564.195;578.726;589.016;610.154;625.902;641.506;657.465;676.165;689.782;704.314;724.098;739.563;755.136;773.482;791.256;807.954;824.223;835.543;857.363;872.256;885.590;909.413
18,MO AHD (no fuzzy risk),692.0089692434173,822.1864623657935,85.56024182614755,886.7814155722242,1.1025,38.538962610361445,0.7778865168511924,0.0,0.10197272055680213,650.386;630.695;518.503;912.547;573.789;641.451;634.414;654.840;698.601;653.812;679.699;645.062;654.605;650.386;650.386;650.386;528.132;539.565;564.195;578.726;589.016;610.154;625.902;641.506;657.465;676.165;689.782;704.314;724.098;739.563;755.136;773.482;791.256;807.954;824.223;835.543;857.363;872.256;885.590;909.413
18,C-R-EoH,692.0089692434173,822.1864623657935,85.56024182614755,886.7814155722242,1.1025,38.538962610361445,0.7778865168511924,0.0,0.10197272055680213,650.386;630.695;518.503;912.547;573.789;641.451;634.414;654.840;698.601;653.812;679.699;645.062;654.605;650.386;650.386;650.386;528.132;539.565;564.195;578.726;589.016;610.154;625.902;641.506;657.465;676.165;689.782;704.314;724.098;739.563;755.136;773.482;791.256;807.954;824.223;835.543;857.363;872.256;885.590;909.413
19,Classical heuristic,620.6949870202163,786.849563336722,114.44865237984057,870.2335205265872,1.0888673099738697,52.82861227165186,1.0,0.0,0.0,548.503;508.290;621.261;891.061;545.095;685.590;555.533;535.355;719.782;663.296;512.861;532.186;547.367;548.503;548.503;548.503;377.719;404.533;428.017;457.773;476.372;493.044;514.110;543.682;559.532;583.015;597.820;627.257;646.947;673.677;691.750;718.884;740.526;760.197;778.250;806.828;825.928;851.604;869.224;889.420
19,Deterministic AHD,618.7280657767751,785.8945767373884,116.29285207160724,868.6104176263395,1.1025,53.302230768154764,0.8400388204911935,0.0,0.0,547.284;506.891;577.858;890.201;543.741;684.640;554.179;534.046;718.742;683.258;511.596;520.421;546.103;547.284;547.284;547.284;375.054;402.769;427.592;456.802;475.946;491.029;511.565;543.007;557.906;582.684;596.565;626.935;645.030;672.382;690.135;719.061;740.123;758.944;777.344;805.796;825.494;850.685;867.597;887.868
19,MO AHD (no fuzzy risk),618.7280657767751,785.8945767373884,116.29285207160724,868.6104176263395,1.1025,53.302230768154764,0.8400388204911935,0.0,0.0,547.284;506.891;577.858;890.201;543.741;684.640;554.179;534.046;718.742;683.258;511.596;520.421;546.103;547.284;547.284;547.284;375.054;402.769;427.592;456.802;475.946;491.029;511.565;543.007;557.906;582.684;596.565;626.935;645.030;672.382;690.135;719.061;740.123;758.944;777.344;805.796;825.494;850.685;867.597;887.868
19,C-R-EoH,618.7280657767751,785.8945767373884,116.29285207160724,868.6104176263395,1.1025,53.302230768154764,0.8400388204911935,0.0,0.0,547.284;506.891;577.858;890.201;543.741;684.640;554.179;534.046;718.742;683.258;511.596;520.421;546.103;547.284;547.284;547.284;375.054;402.769;427.592;456.802;475.946;491.029;511.565;543.007;557.906;582.684;596.565;626.935;645.030;672.382;690.135;719.061;740.123;758.944;777.344;805.796;825.494;850.685;867.597;887.868
20,Classical heuristic,659.3055847863318,803.6891565272251,99.45804111535878,869.008766957238,1.1025,48.096979802954955,1.0,0.0,0.0,610.555;585.531;456.860;468.377;800.411;714.919;691.493;565.160;676.404;576.668;634.546;623.972;624.879;610.555;610.555;610.555;465.201;488.226;510.361;525.569;547.226;561.352;579.093;599.403;621.124;639.794;664.052;677.961;698.792;716.571;735.308;756.872;774.083;797.587;811.311;831.029;844.708;867.972;888.716;908.472
20,Deterministic AHD,659.3055847863318,803.6891565272251,99.45804111535878,869.008766957238,1.1025,48.096979802954955,1.0,0.0,0.0,610.555;585.531;456.860;468.377;800.411;714.919;691.493;565.160;676.404;576.668;634.546;623.972;624.879;610.555;610.555;610.555;465.201;488.226;510.361;525.569;547.226;561.352;579.093;599.403;621.124;639.794;664.052;677.961;698.792;716.571;735.308;756.872;774.083;797.587;811.311;831.029;844.708;867.972;888.716;908.472
20,MO AHD (no fuzzy risk),659.3055847863318,803.6891565272251,99.45804111535878,869.008766957238,1.1025,48.096979802954955,1.0,0.0,0.0,610.555;585.531;456.860;468.377;800.411;714.919;691.493;565.160;676.404;576.668;634.546;623.972;624.879;610.555;610.555;610.555;465.201;488.226;510.361;525.569;547.226;561.352;579.093;599.403;621.124;639.794;664.052;677.961;698.792;716.571;735.308;756.872;774.083;797.587;811.311;831.029;844.708;867.972;888.716;908.472
20,C-R-EoH,659.3055847863318,803.6891565272251,99.45804111535878,869.008766957238,1.1025,48.096979802954955,1.0,0.0,0.0,610.555;585.531;456.860;468.377;800.411;714.919;691.493;565.160;676.404;576.668;634.546;623.972;624.879;610.555;610.555;610.555;465.201;488.226;510.361;525.569;547.226;561.352;579.093;599.403;621.124;639.794;664.052;677.961;698.792;716.571;735.308;756.872;774.083;797.587;811.311;831.029;844.708;867.972;888.716;908.472
21,Classical heuristic,697.4985457258936,782.6851595083413,60.13594278698432,813.605331278399,0.839487561734494,27.225136119233888,1.0,0.0,0.0,657.265;639.477;768.488;770.230;679.246;779.002;634.300;739.294;705.889;714.875;658.454;646.680;656.312;657.265;657.265;657.265;569.986;578.342;592.631;604.412;617.058;624.253;639.504;651.309;662.044;674.925;686.756;699.344;706.496;720.930;732.751;747.673;756.004;765.260;778.067;793.985;801.433;812.823;828.468;834.181
21,Deterministic AHD,680.6527049974577,767.2539513136178,61.54941318462611,792.0669646364606,1.0918820480810598,27.70115113766925,0.793512443512844,0.014550342067176317,0.0,641.781;594.868;778.891;780.171;643.247;759.008;622.225;720.572;703.349;695.499;636.247;624.030;633.547;641.781;641.781;641.781;558.040;564.622;579.162;590.267;602.833;609.517;624.191;636.701;645.516;659.487;671.094;682.478;689.135;703.329;715.298;730.088;736.294;746.113;757.348;774.292;780.137;791.255;807.486;812.645
21,MO AHD (no fuzzy risk),680.6527049974577,767.2539513136178,61.54941318462611,792.0669646364606,1.0918820480810598,27.70115113766925,0.793512443512844,0.014550342067176317,0.0,641.781;594.868;778.891;780.171;643.247;759.008;622.225;720.572;703.349;695.499;636.247;624.030;633.547;641.781;641.781;641.781;558.040;564.622;579.162;590.267;602.833;609.517;624.191;636.701;645.516;659.487;671.094;682.478;689.135;703.329;715.298;730.088;736.294;746.113;757.348;774.292;780.137;791.255;807.486;812.645
21,C-R-EoH,680.9103414243339,765.9534179395531,60.37505481120415,790.5905933499018,1.0918820480810598,27.221749243338042,0.5641033503882724,0.007859451122006679,0.0,642.635;597.642;776.418;778.210;645.541;757.367;624.519;720.019;702.539;694.690;637.453;625.236;634.881;642.635;642.635;642.635;560.196;566.719;581.001;591.940;604.288;610.914;625.305;637.629;646.322;660.023;671.466;682.700;689.254;703.234;714.986;729.526;735.713;745.383;756.454;773.060;778.856;789.793;805.742;810.853
22,Classical heuristic,671.7979447541527,810.0716368263355,97.27504184185892,880.3490462413013,1.1025,42.90580295887331,1.0,0.0,0.0,605.481;623.054;882.718;719.544;743.962;763.087;637.786;577.836;624.134;708.810;608.535;598.034;609.874;605.481;605.481;605.481;462.842;478.584;502.359;523.970;537.375;557.261;570.761;592.781;616.182;639.393;654.378;668.790;692.842;713.939;725.459;744.747;771.353;785.153;804.983;820.557;845.022;862.796;880.224;900.871
22,Deterministic AHD,671.7979447541527,810.0716368263355,97.27504184185892,880.3490462413013,1.1025,42.90580295887331,1.0,0.0,0.0,605.481;623.054;882.718;719.544;743.962;763.087;637.786;577.836;624.134;708.810;608.535;598.034;609.874;605.481;605.481;605.481;462.842;478.584;502.359;523.970;537.375;557.261;570.761;592.781;616.182;639.393;654.378;668.790;692.842;713.939;725.459;744.747;771.353;785.153;804.983;820.557;845.022;862.796;880.224;900.871
22,MO AHD (no fuzzy risk),671.7979447541527,810.0716368263355,97.27504184185892,880.3490462413013,1.1025,42.90580295887331,1.0,0.0,0.0,605.481;623.054;882.718;719.544;743.962;763.087;637.786;577.836;624.134;708.810;608.535;598.034;609.874;605.481;605.481;605.481;462.842;478.584;502.359;523.970;537.375;557.261;570.761;592.781;616.182;639.393;654.378;668.790;692.842;713.939;725.459;744.747;771.353;785.153;804.983;820.557;845.022;862.796;880.224;900.871
22,C-R-EoH,671.7979447541527,810.0716368263355,97.27504184185892,880.3490462413013,1.1025,42.90580295887331,1.0,0.0,0.0,605.481;623.054;882.718;719.544;743.962;763.087;637.786;577.836;624.134;708.810;608.535;598.034;609.874;605.481;605.481;605.481;462.842;478.584;502.359;523.970;537.375;557.261;570.761;592.781;616.182;639.393;654.378;668.790;692.842;713.939;725.459;744.747;771.353;785.153;804.983;820.557;845.022;862.796;880.224;900.871
23,Classical heuristic,697.7229258938446,838.0151378263537,96.58633026026942,903.5381391106282,1.0712144482206918,45.64957582883987,1.0,0.0,0.0,636.514;803.610;778.989;716.828;631.252;743.370;649.718;587.828;587.828;674.654;684.328;661.739;635.632;636.514;636.514;636.514;487.786;511.319;524.689;543.050;567.619;590.521;606.494;629.662;647.049;666.753;681.925;708.393;730.229;744.803;764.120;790.573;808.805;826.242;845.557;865.400;887.107;902.329;926.507;950.154
23,Deterministic AHD,696.7249334445758,838.8216680755017,97.46690687032205,905.5673323799244,1.0731806884755732,46.375672297185154,1.5008724167303715,0.0,0.0080093370265829,635.035;798.582;780.350;706.990;634.005;744.021;647.679;581.496;581.496;674.595;685.799;659.373;637.466;635.035;635.035;635.035;484.313;508.197;522.121;540.357;564.926;588.830;604.726;627.970;645.765;665.272;680.812;707.969;730.000;744.758;764.233;791.276;809.816;827.410;846.834;866.633;888.876;904.339;928.900;952.675
23,MO AHD (no fuzzy risk),696.7249334445758,838.8216680755017,97.46690687032205,905.5673323799244,1.0731806884755732,46.375672297185154,1.5008724167303715,0.0,0.0080093370265829,635.035;798.582;780.350;706.990;634.005;744.021;647.679;581.496;581.496;674.595;685.799;659.373;637.466;635.035;635.035;635.035;484.313;508.197;522.121;540.357;564.926;588.830;604.726;627.970;645.765;665.272;680.812;707.969;730.000;744.758;764.233;791.276;809.816;827.410;846.834;866.633;888.876;904.339;928.900;952.675
23,C-R-EoH,698.0620721754403,832.5735355378821,91.59945692302219,889.1101839733835,1.0731806884755732,42.140559976156325,0.4622191425305608,0.0,0.0,640.518;785.616;813.188;679.638;643.505;770.020;622.827;597.331;597.331;693.755;682.833;660.244;642.385;640.518;640.518;640.518;501.688;524.645;536.523;552.969;576.124;596.783;613.891;633.876;650.823;668.760;683.498;707.755;727.979;741.793;758.559;783.793;800.061;816.966;834.940;854.431;874.050;887.917;911.777;932.138
24,Classical heuristic,689.4357849114068,858.4525399705732,119.08900745350138,921.8925897744799,1.1025,51.10777233046206,1.0,0.0,0.0,609.460;539.509;863.564;872.665;695.240;535.227;811.331;616.954;756.255;736.512;631.886;618.219;646.770;609.460;609.460;609.460;433.418;459.818;487.701;503.143;532.427;547.743;575.247;593.916;624.215;640.135;672.207;691.383;712.052;729.735;757.352;779.095;800.416;828.088;846.122;878.058;892.208;920.959;939.631;970.394
24,Deterministic AHD,689.4357849114068,858.4525399705732,119.08900745350138,921.8925897744799,1.1025,51.10777233046206,1.0,0.0,0.0,609.460;539.509;863.564;872.665;695.240;535.227;811.331;616.954;756.255;736.512;631.886;618.219;646.770;609.460;609.460;609.460;433.418;459.818;487.701;503.143;532.427;547.743;575.247;593.916;624.215;640.135;672.207;691.383;712.052;729.735;757.352;779.095;800.416;828.088;846.122;878.058;892.208;920.959;939.631;970.394
24,MO AHD (no fuzzy risk),689.4357849114068,858.4525399705732,119.08900745350138,921.8925897744799,1.1025,51.10777233046206,1.0,0.0,0.0,609.460;539.509;863.564;872.665;695.240;535.227;811.331;616.954;756.255;736.512;631.886;618.219;646.770;609.460;609.460;609.460;433.418;459.818;487.701;503.143;532.427;547.743;575.247;593.916;624.215;640.135;672.207;691.383;712.052;729.735;757.352;779.095;800.416;828.088;846.122;878.058;892.208;920.959;939.631;970.394
24,C-R-EoH,689.4357849114068,858.4525399705732,119.08900745350138,921.8925897744799,1.1025,51.10777233046206,1.0,0.0,0.0,609.460;539.509;863.564;872.665;695.240;535.227;811.331;616.954;756.255;736.512;631.886;618.219;646.770;609.460;609.460;609.460;433.418;459.818;487.701;503.143;532.427;547.743;575.247;593.916;624.215;640.135;672.207;691.383;712.052;729.735;757.352;779.095;800.416;828.088;846.122;878.058;892.208;920.959;939.631;970.394
25,Classical heuristic,707.842476800268,821.192510130657,77.79088611611671,866.4608559922453,0.8297971466080665,33.15471097504513,1.0,0.0,0.0,670.910;559.056;761.461;623.438;777.934;635.306;840.990;682.461;613.449;674.782;659.809;677.002;642.179;670.910;670.910;670.910;563.131;579.894;589.230;606.475;622.888;633.880;652.015;661.324;678.827;691.220;702.398;721.083;734.393;750.319;762.149;780.810;790.811;810.305;820.559;836.915;852.753;865.825;878.536;896.454
25,Deterministic AHD,682.4513854697647,792.4018673260393,75.71356718962035,840.0372721595741,1.1025,33.74214475934402,0.6299362058693585,0.004664888325626871,0.0,648.707;545.207;723.507;577.686;730.482;595.441;810.421;665.559;592.648;634.622;633.106;658.037;620.678;648.707;648.707;648.707;543.160;560.650;568.402;585.625;602.081;612.156;629.225;639.852;657.447;669.029;679.123;698.332;710.430;726.531;736.991;755.977;765.724;784.883;794.326;810.837;826.516;839.462;850.976;868.099
25,MO AHD (no fuzzy risk),682.4513854697647,792.4018673260393,75.71356718962035,840.0372721595741,1.1025,33.74214475934402,0.9229024176145416,0.0,0.0,648.707;545.207;723.507;577.686;730.482;595.441;810.421;665.559;592.648;634.622;633.106;658.037;620.678;648.707;648.707;648.707;543.160;560.650;568.402;585.625;602.081;612.156;629.225;639.852;657.447;669.029;679.123;698.332;710.430;726.531;736.991;755.977;765.724;784.883;794.326;810.837;826.516;839.462;850.976;868.099
25,C-R-EoH,682.4513854697647,792.4018673260393,75.71356718962035,840.0372721595741,1.1025,33.74214475934402,0.6299362058693585,0.004664888325626871,0.0,648.707;545.207;723.507;577.686;730.482;595.441;810.421;665.559;592.648;634.622;633.106;658.037;620.678;648.707;648.707;648.707;543.160;560.650;568.402;585.625;602.081;612.156;629.225;639.852;657.447;669.029;679.123;698.332;710.430;726.531;736.991;755.977;765.724;784.883;794.326;810.837;826.516;839.462;850.976;868.099
26,Classical heuristic,671.8900314902884,798.1940379869845,84.00077517878002,873.4045007142959,1.1025,44.14944482235698,1.0,0.0,0.0,622.260;698.490;491.052;677.635;676.801;679.135;575.435;658.422;601.471;644.532;641.218;674.130;674.130;622.260;622.260;622.260;484.112;501.065;515.625;538.816;558.120;575.614;592.109;615.833;628.483;649.775;668.951;687.573;703.563;720.857;741.641;760.299;779.605;798.848;813.917;840.139;850.816;872.669;887.371;908.306
26,Deterministic AHD,671.8900314902884,798.1940379869845,84.00077517878002,873.4045007142959,1.1025,44.14944482235698,1.0,0.0,0.0,622.260;698.490;491.052;677.635;676.801;679.135;575.435;658.422;601.471;644.532;641.218;674.130;674.130;622.260;622.260;622.260;484.112;501.065;515.625;538.816;558.120;575.614;592.109;615.833;628.483;649.775;668.951;687.573;703.563;720.857;741.641;760.299;779.605;798.848;813.917;840.139;850.816;872.669;887.371;908.306
26,MO AHD (no fuzzy risk),671.8900314902884,798.1940379869845,84.00077517878002,873.4045007142959,1.1025,44.14944482235698,1.0,0.0,0.0,622.260;698.490;491.052;677.635;676.801;679.135;575.435;658.422;601.471;644.532;641.218;674.130;674.130;622.260;622.260;622.260;484.112;501.065;515.625;538.816;558.120;575.614;592.109;615.833;628.483;649.775;668.951;687.573;703.563;720.857;741.641;760.299;779.605;798.848;813.917;840.139;850.816;872.669;887.371;908.306
26,C-R-EoH,671.8900314902884,798.1940379869845,84.00077517878002,873.4045007142959,1.1025,44.14944482235698,1.0,0.0,0.0,622.260;698.490;491.052;677.635;676.801;679.135;575.435;658.422;601.471;644.532;641.218;674.130;674.130;622.260;622.260;622.260;484.112;501.065;515.625;538.816;558.120;575.614;592.109;615.833;628.483;649.775;668.951;687.573;703.563;720.857;741.641;760.299;779.605;798.848;813.917;840.139;850.816;872.669;887.371;908.306
27,Classical heuristic,734.8158200178673,913.549513524265,121.3106272916727,1006.3652343227549,1.0737204839782055,50.04959012106975,1.0,0.0,0.0,688.133;564.695;602.776;518.413;766.970;560.843;641.541;625.375;824.227;759.648;676.880;713.851;651.511;688.133;688.133;688.133;515.843;537.715;556.850;585.476;602.165;624.278;647.446;671.901;705.610;718.850;746.575;768.745;791.579;811.542;841.322;859.831;883.218;909.358;932.203;958.209;979.191;1005.126;1029.918;1050.420
27,Deterministic AHD,734.8158200178672,913.5495135242652,121.3106272916727,1006.3652343227546,1.073720483978205,50.04959012106978,0.9206362131371235,0.0,0.0,688.133;564.695;602.776;518.413;766.970;560.843;641.541;625.375;824.227;759.648;676.880;713.851;651.511;688.133;688.133;688.133;515.843;537.715;556.850;585.476;602.165;624.278;647.446;671.901;705.610;718.850;746.575;768.745;791.579;811.542;841.322;859.831;883.218;909.358;932.203;958.209;979.191;1005.126;1029.918;1050.420
27,MO AHD (no fuzzy risk),734.8158200178672,913.5495135242652,121.3106272916727,1006.3652343227546,1.073720483978205,50.04959012106978,0.9206362131371235,0.0,0.0,688.133;564.695;602.776;518.413;766.970;560.843;641.541;625.375;824.227;759.648;676.880;713.851;651.511;688.133;688.133;688.133;515.843;537.715;556.850;585.476;602.165;624.278;647.446;671.901;705.610;718.850;746.575;768.745;791.579;811.542;841.322;859.831;883.218;909.358;932.203;958.209;979.191;1005.126;1029.918;1050.420
27,C-R-EoH,740.3045506144559,906.4276636354783,112.52810454937817,993.3727312925732,1.073720483978205,47.72832072997303,0.9282677085681598,0.040909708251735,0.0,692.734;627.776;617.148;532.785;720.383;572.772;690.002;634.862;819.057;793.489;696.101;733.072;670.733;692.734;692.734;692.734;530.070;550.697;568.593;594.843;610.328;632.835;654.185;677.063;708.783;722.778;748.517;770.985;792.373;809.686;837.436;853.883;878.325;902.408;926.222;948.148;967.457;992.080;1017.934;1037.435
28,Classical heuristic,705.854391108767,824.2114168810216,80.7108307929042,876.1411927263295,1.1025,37.09166748241191,1.0,0.0,0.0,649.368;707.829;806.836;800.983;761.078;691.601;617.811;678.858;650.886;723.841;680.628;621.057;693.565;649.368;649.368;649.368;522.025;538.136;554.615;576.299;590.370;605.532;627.317;639.356;663.054;673.150;692.849;708.424;726.038;738.716;759.267;777.945;792.390;807.105;825.273;843.577;860.441;875.278;892.545;912.030
28,Deterministic AHD,705.854391108767,824.2114168810216,80.7108307929042,876.1411927263295,1.1025,37.09166748241191,1.0,0.0,0.0,649.368;707.829;806.836;800.983;761.078;691.601;617.811;678.858;650.886;723.841;680.628;621.057;693.565;649.368;649.368;649.368;522.025;538.136;554.615;576.299;590.370;605.532;627.317;639.356;663.054;673.150;692.849;708.424;726.038;738.716;759.267;777.945;792.390;807.105;825.273;843.577;860.441;875.278;892.545;912.030
28,MO AHD (no fuzzy risk),705.854391108767,824.2114168810216,80.7108307929042,876.1411927263295,1.1025,37.09166748241191,1.0,0.0,0.0,649.368;707.829;806.836;800.983;761.078;691.601;617.811;678.858;650.886;723.841;680.628;621.057;693.565;649.368;649.368;649.368;522.025;538.136;554.615;576.299;590.370;605.532;627.317;639.356;663.054;673.150;692.849;708.424;726.038;738.716;759.267;777.945;792.390;807.105;825.273;843.577;860.441;875.278;892.545;912.030
28,C-R-EoH,705.854391108767,824.2114168810216,80.71083079290419,876.1411927263295,1.1025,37.09166748241191,0.8522802447796549,0.0,0.0,649.368;707.829;806.836;800.983;761.078;691.601;617.811;678.858;650.886;723.841;680.628;621.057;693.565;649.368;649.368;649.368;522.025;538.136;554.615;576.299;590.370;605.532;627.317;639.356;663.054;673.150;692.849;708.424;726.038;738.716;759.267;777.945;792.390;807.105;825.273;843.577;860.441;875.278;892.545;912.030
29,Classical heuristic,806.0142474104751,982.7647466178381,119.6874054961404,1072.4775626111425,1.0354400232961385,43.254573033520344,1.0,0.0,0.0,726.453;953.657;1101.705;706.114;872.339;652.163;704.961;760.570;771.454;819.552;792.681;719.289;792.681;726.453;726.453;726.453;549.313;568.093;598.792;624.611;642.357;666.512;688.519;714.901;736.603;766.054;783.097;810.878;835.681;853.938;880.621;897.857;927.221;947.944;975.842;992.498;1021.994;1045.367;1071.703;1087.193
29,Deterministic AHD,800.7908952095962,974.2074487618312,118.30148055340605,1063.161991314408,1.1025,43.185031180648394,1.2344034642544588,0.0,0.04980952768207383,723.311;941.379;1091.708;674.818;861.976;663.776;706.469;751.474;762.358;828.773;783.764;717.697;783.764;723.311;723.311;723.311;549.456;567.704;597.806;623.094;640.847;663.919;686.476;711.243;733.461;762.034;778.758;806.460;831.286;848.259;874.980;891.884;920.371;940.755;968.178;983.846;1013.118;1036.230;1062.387;1077.884
29,MO AHD (no fuzzy risk),800.7908952095962,974.2074487618312,118.30148055340605,1063.161991314408,1.1025,43.185031180648394,1.2344034642544588,0.0,0.04980952768207383,723.311;941.379;1091.708;674.818;861.976;663.776;706.469;751.474;762.358;828.773;783.764;717.697;783.764;723.311;723.311;723.311;549.456;567.704;597.806;623.094;640.847;663.919;686.476;711.243;733.461;762.034;778.758;806.460;831.286;848.259;874.980;891.884;920.371;940.755;968.178;983.846;1013.118;1036.230;1062.387;1077.884
29,C-R-EoH,800.7908952095962,974.2074487618312,118.30148055340605,1063.161991314408,1.1025,43.185031180648394,1.2344034642544588,0.0,0.04980952768207383,723.311;941.379;1091.708;674.818;861.976;663.776;706.469;751.474;762.358;828.773;783.764;717.697;783.764;723.311;723.311;723.311;549.456;567.704;597.806;623.094;640.847;663.919;686.476;711.243;733.461;762.034;778.758;806.460;831.286;848.259;874.980;891.884;920.371;940.755;968.178;983.846;1013.118;1036.230;1062.387;1077.884
