seed,method,f1,f2,f3,p95,hv,ood_degradation,lam,slack,balance,scenario_costs
0,Classical heuristic,757.7525901399371,874.9441621505066,79.66389570081874,923.4453498201951,1.0696399602416269,46.356589824727344,1.0,0.0,0.0,685.220;1054.107;805.965;594.466;786.162;873.697;617.154;698.199;611.868;710.146;754.019;721.105;686.010;685.220;685.220;685.220;790.718;830.015;929.172;752.968;818.314;766.550;870.100;923.144;752.893;773.291;649.608;700.924;828.670;623.485;739.595;759.882;832.249;778.836;605.150;787.595;831.633;829.303;603.303;878.926
0,Deterministic AHD,754.8185934049586,873.2488380854862,80.42364199734145,922.4770702535566,1.1025,46.53603561970461,1.1637900905868879,0.0,0.019019919694100208,682.558;1050.843;802.701;584.662;783.049;876.167;609.136;695.688;609.357;707.635;753.068;716.658;685.059;682.558;682.558;682.558;793.772;831.045;928.479;752.779;812.897;766.108;869.227;922.161;748.954;766.376;645.670;694.661;821.744;620.021;734.828;752.659;830.681;774.043;600.033;784.991;828.504;826.748;601.616;880.491
0,MO AHD (no fuzzy risk),802.0948826771806,936.4473907757766,86.93618738364279,984.073833528524,1.1025,48.126378117166134,0.7183840877229051,0.10721690031572179,0.21623924861700553,722.125;1128.982;828.420;646.746;793.810;913.310;665.590;764.102;626.999;776.049;791.827;781.099;710.713;722.125;722.125;722.125;796.930;872.192;996.179;806.009;894.426;790.750;904.556;983.437;790.317;841.628;685.180;742.054;923.263;643.965;771.001;840.254;883.673;820.352;640.702;802.399;908.027;903.831;601.032;925.493
0,C-R-EoH,754.8185934049586,873.2488380854862,80.42364199734143,922.4770702535566,1.1025,46.53603561970461,1.1263387166232395,0.0,0.014292311758773792,682.558;1050.843;802.701;584.662;783.049;876.167;609.136;695.688;609.357;707.635;753.068;716.658;685.059;682.558;682.558;682.558;793.772;831.045;928.479;752.779;812.897;766.108;869.227;922.161;748.954;766.376;645.670;694.661;821.744;620.021;734.828;752.659;830.681;774.043;600.033;784.991;828.504;826.748;601.616;880.491
1,Classical heuristic,662.2177513814013,766.5246375874457,73.72806190606892,801.6307102376014,1.1025,55.28646634264967,1.0,0.0,0.0,590.261;607.123;823.401;494.493;631.201;652.350;758.613;527.851;646.454;598.692;619.555;556.888;601.740;590.261;590.261;590.261;634.110;714.822;552.173;704.251;683.737;752.953;692.297;799.993;847.350;657.319;708.596;698.691;703.147;701.572;769.911;632.183;755.256;711.893;558.790;674.708;526.996;755.023;800.485;573.048
1,Deterministic AHD,662.2177513814013,766.5246375874457,73.72806190606892,801.6307102376014,1.1025,55.28646634264967,1.0,0.0,0.0,590.261;607.123;823.401;494.493;631.201;652.350;758.613;527.851;646.454;598.692;619.555;556.888;601.740;590.261;590.261;590.261;634.110;714.822;552.173;704.251;683.737;752.953;692.297;799.993;847.350;657.319;708.596;698.691;703.147;701.572;769.911;632.183;755.256;711.893;558.790;674.708;526.996;755.023;800.485;573.048
1,MO AHD (no fuzzy risk),759.5746593287253,878.9491401751426,85.04034645270778,902.6181410678053,1.1025,55.89450345280531,0.4,0.14673122598536412,0.11526775768467684,680.203;680.295;929.281;554.574;708.566;744.427;860.508;602.862;728.010;680.249;716.251;639.365;687.489;680.203;680.203;680.203;740.554;840.295;631.224;801.970;782.200;869.378;787.406;899.545;975.346;776.614;807.656;794.884;820.230;809.390;888.724;724.600;877.053;812.594;631.687;784.788;615.632;873.221;901.215;684.090
1,C-R-EoH,662.2177513814013,766.5246375874457,73.72806190606892,801.6307102376014,1.1025,55.28646634264967,1.0,0.0,0.0,590.261;607.123;823.401;494.493;631.201;652.350;758.613;527.851;646.454;598.692;619.555;556.888;601.740;590.261;590.261;590.261;634.110;714.822;552.173;704.251;683.737;752.953;692.297;799.993;847.350;657.319;708.596;698.691;703.147;701.572;769.911;632.183;755.256;711.893;558.790;674.708;526.996;755.023;800.485;573.048
2,Classical heuristic,671.5705077163454,795.6225411207391,83.48588297071353,835.6270070670432,0.8762973125663867,42.08208832768677,1.0,0.0,0.0,596.104;607.660;879.922;912.398;652.357;747.933;811.057;754.251;559.114;559.114;669.998;577.609;558.810;596.104;596.104;596.104;691.731;807.922;646.916;781.989;833.296;730.204;765.298;712.421;769.758;600.974;578.141;740.069;594.100;578.928;743.577;676.679;680.619;591.890;568.079;664.364;589.529;718.862;498.310;624.526
2,Deterministic AHD,663.6652089046149,773.1124739553721,74.78486500541699,812.8378872860183,1.1025,40.38010121945058,1.250413687483255,0.0,0.09297033084175048,591.697;631.343;843.337;891.598;669.218;720.754;782.516;741.648;557.896;557.896;662.014;574.797;560.919;591.697;591.697;591.697;699.919;781.373;648.854;742.648;811.233;737.752;740.074;701.809;750.141;607.305;556.011;728.115;591.137;606.479;726.915;660.248;649.880;588.140;580.616;641.406;591.593;708.956;501.413;633.869
2,MO AHD (no fuzzy risk),678.3982446053467,792.0526168568055,76.6319786741467,827.2440331026437,1.1025,38.9968678200235,1.002843947728406,0.11647406798036825,0.0,607.734;611.869;867.052;904.451;663.731;741.187;808.813;756.092;578.638;578.638;677.003;593.186;572.887;607.734;607.734;607.734;690.936;801.992;658.009;778.814;825.149;731.055;763.091;718.081;769.249;615.071;589.728;742.951;609.821;587.910;745.791;686.919;690.478;610.768;587.396;669.014;605.847;721.708;516.169;635.504
2,C-R-EoH,663.6652089046149,773.1124739553721,74.78486500541699,812.8378872860183,1.1025,40.38010121945058,1.250413687483255,0.0,0.09297033084175048,591.697;631.343;843.337;891.598;669.218;720.754;782.516;741.648;557.896;557.896;662.014;574.797;560.919;591.697;591.697;591.697;699.919;781.373;648.854;742.648;811.233;737.752;740.074;701.809;750.141;607.305;556.011;728.115;591.137;606.479;726.915;660.248;649.880;588.140;580.616;641.406;591.593;708.956;501.413;633.869
3,Classical heuristic,666.0597724702167,765.1677468256499,66.7108172978229,790.210199795964,1.060358767203735,38.481635623910734,1.0,0.0,0.0,617.177;789.363;766.717;580.571;760.257;556.708;728.088;565.095;563.630;630.561;649.218;617.252;585.060;617.177;617.177;617.177;651.351;675.535;521.304;631.871;695.907;633.044;612.595;653.711;748.402;724.445;637.808;684.816;753.466;647.487;723.067;806.310;557.793;560.190;768.125;837.806;747.061;751.973;661.201;695.895
3,Deterministic AHD,666.0597724702167,765.1677468256498,66.7108172978229,790.210199795964,1.0603587672037353,38.48163562391072,1.5173777035252547,0.0,0.0,617.177;789.363;766.717;580.571;760.257;556.708;728.088;565.095;563.630;630.561;649.218;617.252;585.060;617.177;617.177;617.177;651.351;675.535;521.304;631.871;695.907;633.044;612.595;653.711;748.402;724.445;637.808;684.816;753.466;647.487;723.067;806.310;557.793;560.190;768.125;837.806;747.061;751.973;661.201;695.895
3,MO AHD (no fuzzy risk),780.423232692236,915.3988953791277,89.20957617986178,955.1287623195523,1.0603587672037353,42.27764147734486,0.4,0.08814232993975074,0.13624007585175676,718.048;954.555;923.221;644.076;907.539;632.402;865.264;655.424;639.759;723.831;767.119;710.344;676.681;718.048;718.048;718.048;741.915;786.897;592.534;733.746;820.914;735.290;706.459;757.510;888.382;857.469;735.623;805.703;905.173;764.677;847.765;966.030;646.740;648.801;918.175;1013.435;893.231;892.313;782.840;802.903
3,C-R-EoH,668.0499852753823,755.3157485710954,59.158376891078966,772.803336083555,1.1020861935395903,36.02285381551544,1.044656166807432,0.0,0.0,622.235;771.664;748.388;601.187;753.097;572.962;721.401;574.069;576.152;639.850;648.430;624.426;593.850;622.235;622.235;622.235;663.509;680.399;535.096;640.264;694.362;637.000;620.789;661.982;736.893;722.799;643.792;684.202;744.806;652.191;718.872;794.448;572.625;573.655;759.777;820.093;742.618;747.804;661.213;698.393
4,Classical heuristic,740.340889146438,832.5424918685317,65.21380408254228,869.7156871408499,0.9493132083314612,43.158239600866075,1.0,0.0,0.0,671.224;815.724;628.483;695.266;804.625;769.337;827.797;754.840;644.271;779.777;714.411;698.245;722.709;671.224;671.224;671.224;594.146;749.233;643.376;704.938;862.789;869.112;755.318;881.193;810.903;619.233;807.004;748.803;765.460;822.667;654.370;800.705;717.551;774.586;675.457;624.507;790.468;897.522;747.380;756.532
4,Deterministic AHD,725.592631249714,814.7792971634468,59.91196132164631,838.2782694894044,1.1025,41.32915444809838,0.4,0.012266185646837577,0.0,658.731;837.402;639.107;701.431;778.664;736.762;817.266;722.832;626.411;768.848;683.955;697.359;702.536;658.731;658.731;658.731;599.344;727.720;631.220;668.104;826.051;817.313;717.904;854.919;797.580;630.131;811.696;766.171;730.734;831.544;663.477;780.095;703.826;736.542;663.938;627.112;769.637;855.183;730.090;735.874
4,MO AHD (no fuzzy risk),732.0286941481236,830.6078893606049,67.16503818556295,861.4165520996029,1.1025,43.53796134298523,0.5567542193480766,0.0,0.0,662.393;819.031;612.611;705.144;810.615;746.825;824.598;730.762;631.920;774.700;697.957;695.512;715.755;662.393;662.393;662.393;585.289;723.982;628.830;681.078;857.939;860.772;742.667;873.668;814.892;614.545;809.106;752.765;752.996;826.893;647.635;796.291;714.707;759.458;656.833;605.140;786.210;887.281;736.724;750.444
4,C-R-EoH,725.592631249714,814.7792971634468,59.91196132164631,838.2782694894044,1.1025,41.32915444809838,0.4,0.012266185646837577,0.0,658.731;837.402;639.107;701.431;778.664;736.762;817.266;722.832;626.411;768.848;683.955;697.359;702.536;658.731;658.731;658.731;599.344;727.720;631.220;668.104;826.051;817.313;717.904;854.919;797.580;630.131;811.696;766.171;730.734;831.544;663.477;780.095;703.826;736.542;663.938;627.112;769.637;855.183;730.090;735.874
5,Classical heuristic,739.7682022585298,869.7023082497795,81.22098150595602,919.231024274141,1.08011209516837,47.15348558985623,1.0,0.0,0.0,671.672;553.203;495.217;943.140;746.051;875.273;730.483;727.578;739.306;727.578;739.539;702.328;690.318;671.672;671.672;671.672;596.226;726.272;627.076;636.705;894.914;744.108;760.815;840.987;684.225;947.800;684.520;796.891;576.373;848.070;917.973;822.665;696.948;721.558;700.365;782.579;687.513;888.869;773.310;877.266
5,Deterministic AHD,741.1511550501224,882.2678413838654,90.30473167114253,942.0045515667069,1.0251599707374992,49.847234944763436,1.6857962319318873,0.02838982744396168,0.09631169703005135,669.465;529.381;483.382;972.176;759.887;896.498;744.320;713.495;725.223;713.495;745.142;705.469;685.170;669.465;669.465;669.465;585.234;721.433;632.435;614.255;896.983;742.033;779.600;833.343;687.192;966.430;689.668;804.537;567.643;852.850;940.719;837.718;683.664;699.135;691.623;792.975;693.476;904.949;788.619;888.037
5,MO AHD (no fuzzy risk),812.4396235741191,970.4611740094797,98.09309987932765,1041.0079491961662,1.0251599707374992,49.986493145149204,0.4,0.11187483161617887,0.24582908368711173,732.760;575.459;526.668;1072.698;796.018;987.714;780.451;806.302;818.029;806.302;817.745;759.710;762.523;732.760;732.760;732.760;634.307;808.299;672.971;682.280;1005.417;823.811;821.147;941.691;744.490;1058.481;735.728;875.198;610.027;950.409;1040.088;905.687;779.081;802.364;763.681;853.977;746.549;980.754;847.069;973.420
5,C-R-EoH,737.442914103925,866.7525428478092,80.91656674021928,915.8691109108312,1.1025,47.11958647435002,1.0332773997651548,0.02153410035660873,0.000869644764819459,669.628;551.872;493.886;939.672;744.542;872.161;728.974;724.823;736.550;724.823;737.139;700.463;687.918;669.628;669.628;669.628;594.693;723.610;625.602;634.735;891.501;741.548;759.109;837.704;682.300;944.640;682.862;794.496;575.004;844.959;914.616;820.251;694.134;718.605;698.129;780.430;685.664;886.200;771.189;874.399
6,Classical heuristic,719.8308110739665,848.667465264234,85.14894887893067,885.4487337013073,1.0953507027917961,53.56876671734827,1.0,0.0,0.0,636.812;659.555;884.138;810.907;489.851;598.279;930.735;832.761;723.415;630.988;707.881;726.189;615.370;636.812;636.812;636.812;746.615;838.848;659.536;654.482;613.905;690.308;704.948;847.849;754.865;745.941;738.482;551.954;734.328;808.994;794.013;653.173;875.297;828.146;589.890;732.630;732.952;606.436;910.360;821.963
6,Deterministic AHD,719.8308110739665,848.667465264234,85.14894887893067,885.4487337013073,1.0953507027917961,53.56876671734827,1.0,0.0,0.0,636.812;659.555;884.138;810.907;489.851;598.279;930.735;832.761;723.415;630.988;707.881;726.189;615.370;636.812;636.812;636.812;746.615;838.848;659.536;654.482;613.905;690.308;704.948;847.849;754.865;745.941;738.482;551.954;734.328;808.994;794.013;653.173;875.297;828.146;589.890;732.630;732.952;606.436;910.360;821.963
6,MO AHD (no fuzzy risk),731.1704372709539,868.7119041256241,90.24968776198128,900.1147317447092,1.0953507027917961,55.63922270463057,0.4,0.008476961506767279,0.03020261697623389,645.704;596.169;887.673;817.831;492.665;617.267;951.782;849.756;772.498;618.937;729.270;746.730;635.225;645.704;645.704;645.704;750.037;898.908;670.845;675.106;607.445;662.476;755.697;877.551;748.413;755.704;718.476;571.212;743.610;846.587;802.340;682.337;879.613;865.590;608.676;730.260;730.323;620.081;923.045;823.866
6,C-R-EoH,721.8973295495626,847.456609812134,83.01102309771684,879.1407733202592,1.1024232595643326,53.46773831063017,0.6652166435431885,0.0,0.0,639.076;662.037;877.590;804.359;492.068;607.198;933.091;835.086;725.601;633.361;710.175;728.483;619.852;639.076;639.076;639.076;746.696;842.155;665.586;656.413;618.492;692.267;710.092;852.122;758.752;752.655;737.007;558.448;732.696;806.093;792.578;661.029;869.612;829.586;597.682;730.914;737.781;614.827;908.600;818.606
7,Classical heuristic,786.2121263607776,935.1634535823636,101.43930934317322,1000.057908959973,0.7824206336710819,53.464995387955334,1.0,0.0,0.0,709.798;1038.649;788.075;775.416;756.044;962.535;564.982;623.454;738.736;623.454;683.078;684.252;685.199;709.798;709.798;709.798;908.825;812.181;798.745;603.864;705.888;842.266;1004.319;654.284;698.960;852.845;594.720;912.948;761.025;904.459;832.003;820.384;999.834;844.832;966.863;860.018;964.900;792.582;845.766;702.910
7,Deterministic AHD,754.1290922243736,890.0744588698393,94.70471938199076,950.1597347867377,1.1025,51.21661280133996,1.1772515211496104,0.021118136303519677,0.0,682.545;988.379;749.061;774.654;712.002;925.989;558.070;609.762;705.602;609.762;654.798;658.629;656.919;682.545;682.545;682.545;854.513;777.791;766.483;581.562;675.727;800.435;956.797;640.406;678.385;816.187;565.597;863.239;723.798;847.734;802.872;798.383;949.810;818.317;925.941;800.737;926.936;774.427;807.050;678.229
7,MO AHD (no fuzzy risk),772.3265979673004,933.9356250761992,113.20887538665082,1008.563327376719,1.1025,56.50109914778585,0.8722044853046451,0.0,0.0,692.866;1054.501;748.496;804.611;722.127;976.554;534.710;597.629;710.480;597.629;660.277;659.330;660.277;692.866;692.866;692.866;886.811;809.943;775.450;562.402;671.279;834.035;1015.297;628.817;700.303;844.559;555.797;894.026;719.277;878.250;843.709;826.560;1008.209;851.267;975.688;824.611;978.356;812.621;815.651;682.061
7,C-R-EoH,754.1290922243736,890.0744588698393,94.70471938199076,950.1597347867377,1.1025,51.21661280133996,1.1772515211496104,0.021118136303519677,0.0,682.545;988.379;749.061;774.654;712.002;925.989;558.070;609.762;705.602;609.762;654.798;658.629;656.919;682.545;682.545;682.545;854.513;777.791;766.483;581.562;675.727;800.435;956.797;640.406;678.385;816.187;565.597;863.239;723.798;847.734;802.872;798.383;949.810;818.317;925.941;800.737;926.936;774.427;807.050;678.229
8,Classical heuristic,682.72343331997,770.0175860774443,59.536755389899824,801.4421622548457,0.6244561880045136,42.24197574332386,1.0,0.0,0.0,606.612;711.749;730.751;848.108;792.075;708.559;681.124;709.861;631.540;706.967;640.594;615.023;611.378;606.612;606.612;606.612;685.026;764.504;726.953;630.458;837.429;593.861;682.843;707.240;799.548;632.296;724.280;744.709;761.783;666.803;618.191;582.551;613.137;788.881;631.048;721.191;630.481;652.853;605.945;692.748
8,Deterministic AHD,643.0443278336272,719.2397322725013,53.35847203942505,742.9601202117349,1.1025,41.5368777580025,1.0747760864005584,0.01631195591153018,0.10441288480434507,573.900;691.222;710.223;772.594;727.261;667.131;657.551;655.747;585.696;652.854;604.977;581.696;578.052;573.900;573.900;573.900;630.714;702.741;679.390;611.877;784.999;556.892;644.432;679.079;732.254;598.226;687.343;689.905;711.545;617.467;580.647;555.373;596.481;741.400;612.626;676.723;596.538;609.095;581.761;663.662
8,MO AHD (no fuzzy risk),695.3931323729137,780.0101306224287,56.6021790545336,809.8068301430295,1.1025,41.00779613028704,1.4443782329833623,0.11164358220343426,0.0,621.832;749.737;789.838;843.185;792.187;695.630;713.420;704.189;622.705;701.295;646.431;638.430;629.645;621.832;621.832;621.832;666.967;746.125;721.153;664.404;840.755;604.459;707.231;742.834;799.985;634.263;735.579;743.987;767.732;668.887;636.671;621.442;640.120;808.178;670.002;718.435;658.734;647.530;637.801;718.431
8,C-R-EoH,643.0443278336272,719.2397322725013,53.35847203942505,742.9601202117349,1.1025,41.5368777580025,1.0747760864005584,0.01631195591153018,0.10441288480434507,573.900;691.222;710.223;772.594;727.261;667.131;657.551;655.747;585.696;652.854;604.977;581.696;578.052;573.900;573.900;573.900;630.714;702.741;679.390;611.877;784.999;556.892;644.432;679.079;732.254;598.226;687.343;689.905;711.545;617.467;580.647;555.373;596.481;741.400;612.626;676.723;596.538;609.095;581.761;663.662
9,Classical heuristic,805.38577940236,898.5783514999165,60.76034926312068,910.958265018395,0.9629236328024862,43.01680615694808,1.0,0.0,0.0,732.390;817.763;817.763;811.661;773.828;884.086;908.705;722.077;770.781;788.438;686.981;759.792;791.838;732.390;732.390;732.390;892.253;807.002;788.005;821.952;838.999;1050.165;905.898;833.889;851.552;880.102;878.359;779.279;788.047;806.532;724.534;953.765;879.545;772.227;823.422;662.353;859.512;734.269;772.207;648.294
9,Deterministic AHD,794.4905575592311,883.1063141636711,58.62923757063584,900.5812836572547,1.1025,42.93456529632093,0.41750951668344144,0.0,0.0,722.292;791.032;791.032;815.976;787.750;854.565;879.185;723.818;761.336;785.547;677.439;750.021;787.431;722.292;722.292;722.292;897.153;798.736;799.024;814.248;826.147;1037.071;898.997;830.528;848.697;867.200;848.935;783.978;771.357;777.183;705.745;930.682;857.103;757.569;822.009;656.246;847.159;720.549;751.370;637.638
9,MO AHD (no fuzzy risk),823.2997240162583,915.9835490625675,61.461509943203836,937.2377227694415,1.1025,43.234956148305336,0.4,0.05961946286952986,0.46833949905065686,747.702;819.628;819.628;850.775;816.344;887.124;911.743;748.419;788.891;815.651;700.869;776.503;815.488;747.702;747.702;747.702;930.434;828.107;823.516;847.238;856.108;1079.853;935.620;856.937;880.495;896.712;879.162;812.252;798.232;808.549;727.044;967.982;887.704;783.106;851.080;678.255;878.038;747.393;776.946;659.359
9,C-R-EoH,794.4905575592311,883.1063141636711,58.62923757063582,900.5812836572549,1.1025,42.93456529632093,0.4840581183551394,0.0,0.008832735120993564,722.292;791.032;791.032;815.976;787.750;854.565;879.185;723.818;761.336;785.547;677.439;750.021;787.431;722.292;722.292;722.292;897.153;798.736;799.024;814.248;826.147;1037.071;898.997;830.528;848.697;867.200;848.935;783.978;771.357;777.183;705.745;930.682;857.103;757.569;822.009;656.246;847.159;720.549;751.370;637.638
10,Classical heuristic,621.7213517860855,671.5361981423686,33.16552168507131,684.832450101681,1.1024999999999994,35.74353808380377,1.0,0.0,0.0,579.858;622.823;486.795;652.156;593.759;684.153;600.454;653.722;616.007;620.470;562.177;590.599;566.192;579.858;579.858;579.858;618.228;605.472;665.711;626.265;627.222;575.601;622.413;591.953;673.858;638.098;647.768;679.047;620.732;621.403;675.496;593.209;640.171;631.323;643.714;630.988;721.010;697.748;588.632;664.051
10,Deterministic AHD,621.7213517860855,671.5361981423686,33.16552168507131,684.832450101681,1.1024999999999994,35.74353808380377,1.0,0.0,0.0,579.858;622.823;486.795;652.156;593.759;684.153;600.454;653.722;616.007;620.470;562.177;590.599;566.192;579.858;579.858;579.858;618.228;605.472;665.711;626.265;627.222;575.601;622.413;591.953;673.858;638.098;647.768;679.047;620.732;621.403;675.496;593.209;640.171;631.323;643.714;630.988;721.010;697.748;588.632;664.051
10,MO AHD (no fuzzy risk),621.7213517860855,671.5361981423686,33.16552168507131,684.832450101681,1.1025,35.74353808380377,1.0,0.0,0.0,579.858;622.823;486.795;652.156;593.759;684.153;600.454;653.722;616.007;620.470;562.177;590.599;566.192;579.858;579.858;579.858;618.228;605.472;665.711;626.265;627.222;575.601;622.413;591.953;673.858;638.098;647.768;679.047;620.732;621.403;675.496;593.209;640.171;631.323;643.714;630.988;721.010;697.748;588.632;664.051
10,C-R-EoH,621.7213517860854,671.5361981423686,33.165521685071305,684.832450101681,1.1025,35.74353808380379,0.5511978735893253,0.0,0.0,579.858;622.823;486.795;652.156;593.759;684.153;600.454;653.722;616.007;620.470;562.177;590.599;566.192;579.858;579.858;579.858;618.228;605.472;665.711;626.265;627.222;575.601;622.413;591.953;673.858;638.098;647.768;679.047;620.732;621.403;675.496;593.209;640.171;631.323;643.714;630.988;721.010;697.748;588.632;664.051
11,Classical heuristic,678.2416234827894,812.2090662075553,95.66015104845913,845.6640490712649,1.0272823416233487,58.31157781033678,1.0,0.0,0.0,610.899;626.866;464.576;564.553;647.365;557.121;748.459;753.366;803.354;561.969;686.847;599.313;614.891;610.899;610.899;610.899;832.026;576.753;554.516;763.653;514.621;525.586;783.583;605.549;886.152;780.683;582.173;646.459;823.870;681.742;855.755;723.253;670.892;845.133;715.458;762.093;790.204;573.074;744.160;820.003
11,Deterministic AHD,671.9307435359475,803.6231353048228,94.01351569110943,836.7922102358872,1.1025,58.15169484921786,0.9857273150478955,0.0,0.0,605.190;623.448;461.159;561.136;643.374;553.131;739.313;745.365;795.353;557.406;679.992;594.176;609.754;605.190;605.190;605.190;822.616;571.808;549.887;755.869;511.072;521.742;775.452;599.788;876.443;773.831;576.958;642.128;815.321;676.268;847.112;717.010;663.630;836.249;709.030;755.179;779.952;568.918;736.499;810.100
11,MO AHD (no fuzzy risk),671.9307435359475,803.6231353048228,94.01351569110943,836.7922102358872,1.1025,58.15169484921786,0.9857273150478955,0.0,0.0,605.190;623.448;461.159;561.136;643.374;553.131;739.313;745.365;795.353;557.406;679.992;594.176;609.754;605.190;605.190;605.190;822.616;571.808;549.887;755.869;511.072;521.742;775.452;599.788;876.443;773.831;576.958;642.128;815.321;676.268;847.112;717.010;663.630;836.249;709.030;755.179;779.952;568.918;736.499;810.100
11,C-R-EoH,671.9307435359475,803.6231353048228,94.01351569110943,836.7922102358872,1.1025,58.15169484921786,0.9857273150478955,0.0,0.0,605.190;623.448;461.159;561.136;643.374;553.131;739.313;745.365;795.353;557.406;679.992;594.176;609.754;605.190;605.190;605.190;822.616;571.808;549.887;755.869;511.072;521.742;775.452;599.788;876.443;773.831;576.958;642.128;815.321;676.268;847.112;717.010;663.630;836.249;709.030;755.179;779.952;568.918;736.499;810.100
12,Classical heuristic,692.2352201526289,728.3944481478751,24.872756335573612,737.8621095679489,0.8554183754381746,21.20568693942082,1.0,0.0,0.0,663.089;686.832;731.614;731.614;713.282;713.282;651.216;688.687;655.174;687.751;686.573;670.285;652.737;663.089;663.089;663.089;658.160;688.043;713.395;715.678;745.956;628.205;718.979;694.604;754.620;698.988;649.805;672.903;737.436;733.789;713.312;691.772;704.565;680.915;664.322;725.174;692.175;675.223;690.820;719.165
12,Deterministic AHD,677.3311361541004,711.8266620125329,23.57589341999692,723.9920948193775,1.1025,20.883271991498805,1.2429057454965504,0.0009994380345628234,0.030859701742024216,649.191;671.331;713.445;713.445;696.341;696.341;641.195;672.654;643.861;676.192;671.661;655.495;638.561;649.191;649.191;649.191;647.130;671.361;695.331;696.061;726.976;613.967;702.191;676.154;736.585;683.521;638.282;658.076;723.835;715.670;700.153;676.757;690.063;668.996;648.353;711.951;678.498;662.976;678.083;704.986
12,MO AHD (no fuzzy risk),750.3902285570155,789.0777238610766,25.77784845273511,797.9827985334579,1.1025,21.17275905042821,0.7200125064858972,0.12881033174526685,0.0,718.487;739.279;795.105;795.105;763.216;763.216;718.354;737.490;718.398;753.684;745.470;727.826;706.042;718.487;718.487;718.487;726.208;735.134;766.836;771.984;811.273;680.194;782.911;749.524;812.943;758.967;707.461;726.266;796.825;792.128;774.986;743.206;757.125;740.245;732.005;797.283;757.440;741.810;744.170;771.555
12,C-R-EoH,677.3311361541004,711.8266620125329,23.57589341999692,723.9920948193775,1.1025,20.883271991498805,1.2429057454965504,0.0009994380345628234,0.030859701742024216,649.191;671.331;713.445;713.445;696.341;696.341;641.195;672.654;643.861;676.192;671.661;655.495;638.561;649.191;649.191;649.191;647.130;671.361;695.331;696.061;726.976;613.967;702.191;676.154;736.585;683.521;638.282;658.076;723.835;715.670;700.153;676.757;690.063;668.996;648.353;711.951;678.498;662.976;678.083;704.986
13,Classical heuristic,775.6464410523691,885.1935838427125,70.90768846776203,934.7115320945375,1.0230314252945707,42.08040202358339,1.0,0.0,0.0,693.512;801.605;1036.898;745.079;674.380;753.101;708.409;784.461;864.691;813.468;654.552;752.278;779.101;693.512;693.512;693.512;770.831;884.567;751.928;709.723;732.723;666.757;933.264;803.185;820.821;669.299;904.948;864.429;824.157;707.360;754.577;962.221;683.813;825.451;874.803;707.958;703.670;747.210;754.019;826.074
13,Deterministic AHD,768.896580283724,878.5700491964176,70.53924748210426,926.7998425563798,1.1025,41.910506312189554,1.1212529024888789,0.0,0.03747863180546286,686.504;774.601;1027.352;756.798;662.252;760.138;715.446;782.769;856.414;809.239;647.861;746.659;771.459;686.504;686.504;686.504;775.282;876.551;744.250;704.250;731.138;652.523;925.483;798.758;825.706;661.493;897.044;849.641;805.214;692.741;736.807;951.826;666.950;829.763;863.295;699.615;702.676;730.295;747.029;830.527
13,MO AHD (no fuzzy risk),807.5723674322015,934.2782173688438,83.06652965599547,988.2940174711011,1.1025,43.7614717773255,0.9660231522491105,0.0,0.0,714.090;780.189;1102.864;822.475;667.099;820.377;775.236;827.434;905.240;862.754;668.851;788.422;809.665;714.090;714.090;714.090;832.211;936.495;790.249;727.334;777.447;654.662;987.125;847.796;895.144;677.667;947.417;888.673;833.909;711.366;744.876;1010.501;684.234;891.111;898.488;724.954;745.993;746.999;775.750;885.527
13,C-R-EoH,768.896580283724,878.5700491964176,70.53924748210426,926.7998425563798,1.1025,41.910506312189554,1.1212529024888789,0.0,0.03747863180546286,686.504;774.601;1027.352;756.798;662.252;760.138;715.446;782.769;856.414;809.239;647.861;746.659;771.459;686.504;686.504;686.504;775.282;876.551;744.250;704.250;731.138;652.523;925.483;798.758;825.706;661.493;897.044;849.641;805.214;692.741;736.807;951.826;666.950;829.763;863.295;699.615;702.676;730.295;747.029;830.527
14,Classical heuristic,722.7218813597041,785.5733941128015,41.690243668079304,813.5452719398977,0.6559540446596299,32.99789123185275,1.0,0.0,0.0,675.367;793.272;824.767;728.253;662.331;748.421;675.380;685.346;724.349;632.870;688.728;700.961;712.717;675.367;675.367;675.367;787.170;716.123;717.984;740.139;731.360;752.813;732.721;686.401;737.992;713.045;754.772;779.174;639.301;812.955;628.528;794.499;706.851;803.734;676.210;830.365;744.939;676.388;736.222;730.327
14,Deterministic AHD,704.6136864568896,765.3019863609256,39.52763771865478,793.6365048602765,1.0852755529080207,32.604283305174256,1.300671965594615,0.03572794341827034,0.2512640408795367,659.575;768.979;811.362;684.400;664.397;711.583;662.775;660.967;715.018;613.759;676.167;680.875;697.522;659.575;659.575;659.575;756.674;691.011;699.973;711.658;715.338;740.406;724.300;669.597;706.676;687.316;729.310;758.139;632.259;792.931;612.198;769.903;699.770;780.508;659.054;807.037;744.074;675.993;714.122;720.194
14,MO AHD (no fuzzy risk),708.8046711283728,768.5155574328018,40.379920512943286,787.5760959990768,1.0852755529080207,34.42113011801601,0.6425158840918448,0.12685559882564024,0.20801404398044054,660.911;758.757;787.517;706.690;663.759;750.646;678.152;663.857;718.383;620.439;671.180;680.199;692.563;660.911;660.911;660.911;768.785;699.319;723.835;730.746;724.885;750.965;698.783;681.821;720.943;709.813;737.422;774.634;622.532;783.555;633.304;788.703;713.994;786.107;654.564;804.350;721.272;648.884;727.292;709.892
14,C-R-EoH,704.5419288591244,763.964803528112,39.19009396484321,791.6130964791328,1.1025,32.529303756725916,1.1721401735553223,0.08457825014753752,0.062477560196113814,659.620;768.275;806.640;688.838;660.867;714.923;663.102;661.200;714.689;616.001;676.024;681.014;696.375;659.620;659.620;659.620;757.781;690.640;701.705;713.317;715.283;739.689;721.070;671.582;709.551;688.535;729.176;758.408;632.001;790.844;614.031;768.535;698.728;781.299;659.605;806.222;739.641;672.851;717.039;717.720
15,Classical heuristic,685.008044579995,752.0197899067776,43.96535861675991,773.6962849924923,1.1025,28.53587865573944,1.0,0.0,0.0,644.077;648.268;718.248;648.047;773.407;657.066;561.131;730.451;592.831;726.245;643.098;687.131;670.733;644.077;644.077;644.077;613.514;763.239;636.935;660.832;627.703;740.922;652.168;671.719;747.976;674.363;716.127;677.154;713.362;644.349;693.102;740.655;676.926;815.305;779.191;717.394;690.485;664.881;771.203;677.856
15,Deterministic AHD,688.0959428562704,756.9534935785855,44.52848134231744,788.3422281691396,1.0593992198542468,31.520763079930553,0.4686596817526313,0.0,0.07682862684014934,643.753;650.586;720.682;676.715;767.305;641.139;552.964;743.115;584.750;724.599;644.700;691.469;665.776;643.753;643.753;643.753;610.425;759.246;630.434;657.998;634.076;744.363;666.856;687.916;740.770;687.162;710.738;687.838;713.712;655.093;694.819;746.377;694.020;831.157;787.983;722.677;685.038;659.860;795.168;681.300
15,MO AHD (no fuzzy risk),729.4574627080244,800.8313397422748,46.575256735509335,825.3704110505419,1.1025,31.247605706622036,1.0589829837828082,0.10309874075302701,0.0,683.850;691.342;771.350;691.121;807.149;675.859;588.431;786.854;624.289;761.997;683.697;724.894;713.838;683.850;683.850;683.850;662.661;822.238;688.851;716.495;672.996;774.650;714.609;707.201;781.526;748.480;737.559;729.467;763.911;701.581;743.144;813.640;731.116;868.788;825.045;763.267;720.634;696.999;831.558;705.665
15,C-R-EoH,685.008044579995,752.0197899067776,43.9653586167599,773.6962849924923,1.1025,28.53587865573944,1.022175194001919,0.011503422883050493,0.0,644.077;648.268;718.248;648.047;773.407;657.066;561.131;730.451;592.831;726.245;643.098;687.131;670.733;644.077;644.077;644.077;613.514;763.239;636.935;660.832;627.703;740.922;652.168;671.719;747.976;674.363;716.127;677.154;713.362;644.349;693.102;740.655;676.926;815.305;779.191;717.394;690.485;664.881;771.203;677.856
16,Classical heuristic,691.0400517833054,747.8612935010382,37.603539852836946,761.8719762989566,1.0968637972887312,27.93312167121807,1.0,0.0,0.0,648.346;678.545;709.648;719.478;682.279;602.992;697.728;749.676;706.696;678.912;672.509;687.662;666.110;648.346;648.346;648.346;761.118;673.480;760.963;776.199;681.908;714.535;731.041;681.534;641.870;712.085;731.039;687.278;635.208;686.152;606.195;655.627;752.669;753.538;784.825;739.255;612.012;667.662;699.260;650.531
16,Deterministic AHD,690.7053532636321,747.401262940345,37.52563459298834,761.3537280735267,1.1025,27.89507593221328,1.2763576332348823,0.0,0.026966700471959877,648.135;678.550;708.847;718.835;681.625;602.339;697.797;749.250;706.270;678.485;672.352;687.303;665.752;648.135;648.135;648.135;760.513;673.102;760.597;775.731;681.918;714.594;730.469;681.335;641.829;711.945;730.796;687.112;634.488;686.139;606.050;655.017;751.958;752.936;784.296;738.840;612.075;667.458;698.829;650.241
16,MO AHD (no fuzzy risk),725.0864060150918,784.1678017870241,38.98041482090264,800.9148554290995,1.1025,26.348347783234235,0.4,0.017150691192211506,0.007277713158913074,682.249;737.746;761.779;726.792;697.981;637.258;753.562;782.289;749.889;704.449;704.314;718.368;706.137;682.249;682.249;682.249;800.465;713.333;790.583;809.466;703.203;736.102;770.868;709.403;673.918;734.791;774.624;712.516;655.497;732.116;631.786;697.981;786.767;796.308;818.939;764.364;656.841;713.036;728.800;682.189
16,C-R-EoH,690.7053532636321,747.401262940345,37.52563459298833,761.3537280735267,1.1025,27.895075932213334,1.1546731252899287,0.0,0.0,648.135;678.550;708.847;718.835;681.625;602.339;697.797;749.250;706.270;678.485;672.352;687.303;665.752;648.135;648.135;648.135;760.513;673.102;760.597;775.731;681.918;714.594;730.469;681.335;641.829;711.945;730.796;687.112;634.488;686.139;606.050;655.017;751.958;752.936;784.296;738.840;612.075;667.458;698.829;650.241
17,Classical heuristic,630.0783315047844,671.310984333466,27.611134698125603,692.3256095153882,1.0860930957951342,23.930751041183264,1.0,0.0,0.0,595.216;616.283;616.804;668.110;643.386;662.761;705.387;583.492;617.728;600.332;621.150;626.661;600.613;595.216;595.216;595.216;638.392;620.617;668.119;692.198;637.796;602.713;688.868;588.948;642.368;623.639;643.596;694.745;625.403;589.249;623.458;633.644;688.224;643.236;641.841;554.053;638.631;635.307;587.416;657.102
17,Deterministic AHD,628.7880491704387,671.6550313304597,28.442496724412138,689.2838051017685,1.094609679402155,24.944276614725744,0.614276741668472,0.0,0.0,592.337;605.173;614.582;674.606;651.158;652.912;710.328;588.544;617.804;594.702;615.270;622.857;597.899;592.337;592.337;592.337;638.383;617.363;668.793;690.063;632.141;604.831;684.213;584.847;638.426;616.025;647.560;689.243;624.399;591.374;623.275;628.429;688.139;651.901;642.534;552.466;642.997;632.694;595.297;650.943
17,MO AHD (no fuzzy risk),677.4374783123442,719.790063695164,27.64460433927504,734.0849316924752,1.094609679402155,21.788057122242126,0.9948792632223851,0.082455799578232,0.4770150853840147,643.500;677.663;633.667;701.722;709.311;699.857;750.554;638.111;680.598;657.496;665.788;671.136;641.042;643.500;643.500;643.500;699.271;683.206;726.216;731.312;666.524;666.419;731.765;630.482;693.724;673.388;708.860;733.549;669.104;632.989;655.994;676.971;744.276;700.788;679.890;609.182;684.048;673.103;637.898;687.594
17,C-R-EoH,633.4564157820062,670.690816269516,24.415641046048968,687.0255168579353,1.1022813272176764,21.478687406320436,1.1678456174322167,0.0,0.0,602.006;631.269;603.776;659.179;658.893;654.688;700.135;596.092;630.328;612.933;623.069;629.521;602.449;602.006;602.006;602.006;646.467;634.989;674.314;679.851;630.734;619.092;687.905;591.854;649.289;630.077;658.521;685.551;627.493;597.430;616.528;631.735;686.979;652.984;635.816;568.254;641.337;634.523;597.069;649.107
18,Classical heuristic,709.00067308354,794.5324833190685,56.60008978554797,834.3580771466872,0.8990890603471604,38.94862438709314,1.0,0.0,0.0,666.110;645.021;529.515;937.695;619.140;628.596;649.090;668.812;696.326;690.945;695.074;660.437;672.158;666.110;666.110;666.110;760.579;739.817;582.076;842.856;719.380;725.898;728.586;757.260;783.543;668.288;774.065;833.911;725.365;720.579;674.960;799.897;670.156;706.670;772.112;708.590;782.812;635.718;743.540;746.118
18,Deterministic AHD,691.839137179855,775.0951865991018,56.6074122409924,803.820142922955,1.1025,38.57297103318614,0.7778865168511924,0.0,0.10197272055680213,650.386;630.695;518.503;912.547;573.789;641.451;634.414;654.840;698.601;653.812;679.699;645.062;654.605;650.386;650.386;650.386;762.482;702.617;566.882;842.127;709.338;685.168;706.286;731.292;772.371;656.864;733.933;801.804;721.484;719.695;666.494;776.747;637.432;718.332;747.190;704.283;761.878;603.383;708.636;737.289
18,MO AHD (no fuzzy risk),720.0933204683519,810.2919592402494,59.336261784552406,845.0799078721359,1.1025,39.815733706224506,1.1818057875617836,0.08740111466988966,0.22929503082806632,677.620;637.624;537.774;955.708;618.828;637.668;646.420;697.657;698.382;686.746;711.337;667.220;679.727;677.620;677.620;677.620;771.273;764.381;586.119;866.453;745.503;734.823;720.920;753.990;811.688;684.851;799.003;843.955;747.139;721.302;709.789;798.168;669.086;720.324;781.486;728.418;814.407;635.433;762.990;746.660
18,C-R-EoH,691.839137179855,775.0951865991018,56.6074122409924,803.820142922955,1.1025,38.57297103318614,0.7778865168511924,0.0,0.10197272055680213,650.386;630.695;518.503;912.547;573.789;641.451;634.414;654.840;698.601;653.812;679.699;645.062;654.605;650.386;650.386;650.386;762.482;702.617;566.882;842.127;709.338;685.168;706.286;731.292;772.371;656.864;733.933;801.804;721.484;719.695;666.494;776.747;637.432;718.332;747.190;704.283;761.878;603.383;708.636;737.289
19,Classical heuristic,619.872434837506,741.2598616946965,82.95540786643795,787.6743459233602,1.0929648026226026,53.03141126954178,1.0,0.0,0.0,548.503;508.290;621.261;891.061;545.095;685.590;555.533;535.355;719.782;663.296;512.861;532.186;547.367;548.503;548.503;548.503;552.882;802.224;600.731;547.134;697.691;603.494;640.808;524.290;638.850;508.200;645.605;489.442;690.168;724.297;786.909;683.000;523.213;659.146;571.268;741.001;672.601;689.005;784.391;506.860
19,Deterministic AHD,617.9471319985812,745.9401821279363,87.15110505938114,802.4985800999212,1.0816838920428762,53.495967228897186,0.8400388204911935,0.0,0.0,547.284;506.891;577.858;890.201;543.741;684.640;554.179;534.046;718.742;683.258;511.596;520.421;546.103;547.284;547.284;547.284;539.112;804.025;572.041;561.527;681.357;591.191;641.585;507.518;638.285;507.126;647.780;488.137;676.986;720.598;798.311;691.608;510.285;665.683;574.161;767.681;644.470;708.443;802.418;516.747
19,MO AHD (no fuzzy risk),635.2158609135572,756.1925967969746,84.66740440240731,809.4870290344597,1.0816838920428762,53.32198264886474,0.5414737956705378,0.013265336550890641,0.0,563.685;519.157;611.121;887.222;562.023;702.262;551.724;548.380;739.279;693.297;528.625;547.950;563.131;563.685;563.685;563.685;555.243;808.980;617.934;587.239;702.151;624.743;670.968;539.232;668.673;512.134;655.569;499.938;705.110;727.403;819.121;722.549;531.191;689.375;591.789;744.577;675.040;711.718;803.940;535.108
19,C-R-EoH,619.872434837506,741.2598616946965,82.95540786643795,787.6743459233602,1.1023199676208615,53.03141126954178,1.0,0.0,0.0,548.503;508.290;621.261;891.061;545.095;685.590;555.533;535.355;719.782;663.296;512.861;532.186;547.367;548.503;548.503;548.503;552.882;802.224;600.731;547.134;697.691;603.494;640.808;524.290;638.850;508.200;645.605;489.442;690.168;724.297;786.909;683.000;523.213;659.146;571.268;741.001;672.601;689.005;784.391;506.860
20,Classical heuristic,658.9068741705735,754.8906814966595,70.38132403298826,786.2748758849548,1.1025,48.18659464888218,1.0,0.0,0.0,610.555;585.531;456.860;468.377;800.411;714.919;691.493;565.160;676.404;576.668;634.546;623.972;624.879;610.555;610.555;610.555;699.793;746.013;631.202;692.106;583.066;686.925;586.588;660.891;632.068;703.917;703.395;703.733;756.710;671.225;524.132;756.002;676.135;785.531;686.523;724.329;775.441;728.238;517.428;863.447
20,Deterministic AHD,658.9068741705735,754.8906814966595,70.38132403298826,786.2748758849548,1.1025,48.18659464888218,1.0,0.0,0.0,610.555;585.531;456.860;468.377;800.411;714.919;691.493;565.160;676.404;576.668;634.546;623.972;624.879;610.555;610.555;610.555;699.793;746.013;631.202;692.106;583.066;686.925;586.588;660.891;632.068;703.917;703.395;703.733;756.710;671.225;524.132;756.002;676.135;785.531;686.523;724.329;775.441;728.238;517.428;863.447
20,MO AHD (no fuzzy risk),774.2705809731708,886.2901262782672,79.77903979626464,929.9002064178046,1.1025,48.555290136541664,0.4325965373909655,0.1321448475453295,0.3295529020437648,716.221;702.265;534.353;574.814;929.830;838.790;826.172;649.550;789.168;680.600;739.037;733.140;735.153;716.221;716.221;716.221;816.424;874.806;765.640;803.371;702.285;803.910;685.251;774.300;747.082;830.498;823.901;824.185;906.411;772.773;622.494;884.834;797.201;931.235;787.320;835.461;919.365;855.287;606.238;1002.792
20,C-R-EoH,658.9068741705735,754.8906814966595,70.38132403298826,786.2748758849548,1.1025,48.18659464888218,1.0,0.0,0.0,610.555;585.531;456.860;468.377;800.411;714.919;691.493;565.160;676.404;576.668;634.546;623.972;624.879;610.555;610.555;610.555;699.793;746.013;631.202;692.106;583.066;686.925;586.588;660.891;632.068;703.917;703.395;703.733;756.710;671.225;524.132;756.002;676.135;785.531;686.523;724.329;775.441;728.238;517.428;863.447
21,Classical heuristic,698.0110717827592,758.8121100208314,43.7008997380474,770.6686211484093,0.8621366006971152,27.131718980186438,1.0,0.0,0.0,657.265;639.477;768.488;770.230;679.246;779.002;634.300;739.294;705.889;714.875;658.454;646.680;656.312;657.265;657.265;657.265;641.573;603.334;630.438;762.693;714.622;667.927;723.246;662.344;788.365;726.362;703.275;665.360;704.236;744.179;664.651;721.586;726.487;712.415;763.736;727.557;657.833;651.203;767.485;768.229
21,Deterministic AHD,681.151657272952,749.8126550360867,48.9451586080511,770.6864456296191,1.0707278012055166,27.607608415922858,0.793512443512844,0.014550342067176317,0.0,641.781;594.868;778.891;780.171;643.247;759.008;622.225;720.572;703.349;695.499;636.247;624.030;633.547;641.781;641.781;641.781;633.599;587.862;604.979;734.449;708.608;663.516;698.041;637.012;770.255;720.369;669.072;633.489;697.704;727.310;636.511;723.002;719.156;680.286;764.314;700.675;638.563;619.105;755.672;763.737
21,MO AHD (no fuzzy risk),704.1906254983949,761.4732997544489,41.118032235804314,772.6448045233416,1.0814997848630614,25.82449466918938,0.7162851248613589,0.050952050149629086,0.13581344398714032,665.118;653.356;766.783;771.018;687.768;779.686;642.822;743.615;708.963;720.516;665.907;655.416;665.671;665.118;665.118;665.118;651.118;611.171;640.314;765.033;718.764;674.897;727.993;673.414;790.431;731.172;710.935;673.794;712.942;748.844;673.641;723.380;730.421;718.771;768.586;731.667;665.439;662.061;772.274;768.571
21,C-R-EoH,681.3984817603953,748.3216425061354,47.67756966263032,768.7184483987002,1.1000014599297638,27.130610109494476,0.5641033503882724,0.007859451122006679,0.0,642.635;597.642;776.418;778.210;645.541;757.367;624.519;720.019;702.539;694.690;637.453;625.236;634.881;642.635;642.635;642.635;635.173;590.079;606.987;733.693;707.351;663.990;698.405;638.814;768.313;718.967;670.092;635.476;697.680;726.805;637.474;721.670;719.036;680.995;762.188;700.631;639.269;621.655;754.326;761.814
22,Classical heuristic,671.8149921714096,768.0521373045682,68.37369939679162,809.8688194640071,1.1025,42.90217670033508,1.0,0.0,0.0,605.481;623.054;882.718;719.544;743.962;763.087;637.786;577.836;624.134;708.810;608.535;598.034;609.874;605.481;605.481;605.481;724.203;767.044;625.928;568.837;683.612;741.673;631.271;688.335;727.341;744.634;610.796;809.548;627.842;717.534;757.782;732.458;559.025;599.878;636.678;815.956;730.423;673.295;604.231;574.977
22,Deterministic AHD,671.8149921714096,768.0521373045682,68.37369939679162,809.8688194640071,1.1025,42.90217670033508,1.0,0.0,0.0,605.481;623.054;882.718;719.544;743.962;763.087;637.786;577.836;624.134;708.810;608.535;598.034;609.874;605.481;605.481;605.481;724.203;767.044;625.928;568.837;683.612;741.673;631.271;688.335;727.341;744.634;610.796;809.548;627.842;717.534;757.782;732.458;559.025;599.878;636.678;815.956;730.423;673.295;604.231;574.977
22,MO AHD (no fuzzy risk),777.7587333478748,887.1441858173611,78.05960245238103,923.4153430606818,1.1025,43.7687551982484,0.9159696810287727,0.20952394517032136,0.5956437131420202,702.891;698.261;1023.638;807.792;835.927;861.179;724.670;667.363;739.045;827.024;713.396;693.544;701.734;702.891;702.891;702.891;824.711;895.893;750.976;652.904;798.860;854.746;730.814;819.665;852.723;853.056;724.350;922.294;720.242;838.543;884.686;845.293;644.016;697.985;740.328;944.724;868.956;778.899;696.577;663.971
22,C-R-EoH,671.8149921714096,768.0521373045682,68.37369939679162,809.8688194640071,1.1025,42.90217670033508,1.0,0.0,0.0,605.481;623.054;882.718;719.544;743.962;763.087;637.786;577.836;624.134;708.810;608.535;598.034;609.874;605.481;605.481;605.481;724.203;767.044;625.928;568.837;683.612;741.673;631.271;688.335;727.341;744.634;610.796;809.548;627.842;717.534;757.782;732.458;559.025;599.878;636.678;815.956;730.423;673.295;604.231;574.977
23,Classical heuristic,697.9315254505791,774.6625860079856,54.90957900185508,796.8901007354983,1.067352788871102,45.606043711649946,1.0,0.0,0.0,636.514;803.610;778.989;716.828;631.252;743.370;649.718;587.828;587.828;674.654;684.328;661.739;635.632;636.514;636.514;636.514;816.106;796.536;719.016;738.899;730.576;707.706;703.428;659.398;737.120;695.878;772.408;632.332;610.724;777.734;758.479;743.085;788.943;707.298;651.631;776.065;669.235;646.324;635.884;740.625
23,Deterministic AHD,696.9272213995545,774.9827581010333,55.84615541367534,793.9028842837714,1.0715495619530169,46.33318574407252,1.5008724167303715,0.0,0.0080093370265829,635.035;798.582;780.350;706.990;634.005;744.021;647.679;581.496;581.496;674.595;685.799;659.373;637.466;635.035;635.035;635.035;820.888;793.657;723.410;740.585;740.455;708.648;696.259;653.649;738.839;698.338;774.226;628.987;609.641;779.118;762.820;738.804;780.644;700.190;647.480;778.592;675.414;638.388;629.758;746.311
23,MO AHD (no fuzzy risk),717.8239339549359,796.1616195745955,55.57593104093979,820.2138425735616,1.0715495619530169,45.113698108239966,1.5641679607739642,0.07500902582883684,0.1712480175417962,655.266;828.277;802.309;733.969;647.786;765.548;667.262;605.101;605.101;695.690;704.559;681.970;653.644;655.266;655.266;655.266;836.119;819.789;736.554;759.279;747.734;725.491;726.945;678.181;754.272;714.950;791.819;653.186;630.227;795.573;780.846;764.305;812.398;729.814;672.156;794.904;690.562;669.664;653.861;762.053
23,C-R-EoH,698.1627957104877,768.6451815334249,48.337494289206305,785.9164160880403,1.102297535139275,42.12005344134472,0.4622191425305608,0.0,0.0,640.518;785.616;813.188;679.638;643.505;770.020;622.827;597.331;597.331;693.755;682.833;660.244;642.385;640.518;640.518;640.518;791.618;777.475;697.292;743.874;702.569;699.906;712.572;674.028;718.888;714.144;741.949;647.128;631.473;754.894;757.972;737.490;784.618;722.532;654.608;752.486;696.591;669.251;642.378;750.032
24,Classical heuristic,689.4978213133447,781.9545950011137,65.63005826614416,813.9422843415674,1.1025,51.09417666386172,1.0,0.0,0.0,609.460;539.509;863.564;872.665;695.240;535.227;811.331;616.954;756.255;736.512;631.886;618.219;646.770;609.460;609.460;609.460;703.325;749.033;709.724;712.995;731.199;719.414;673.090;766.041;725.977;717.259;725.733;765.766;799.051;651.004;687.552;708.134;602.711;609.696;806.061;630.163;570.253;716.777;659.326;677.660
24,Deterministic AHD,689.4978213133447,781.9545950011137,65.63005826614416,813.9422843415674,1.1025,51.09417666386172,1.0,0.0,0.0,609.460;539.509;863.564;872.665;695.240;535.227;811.331;616.954;756.255;736.512;631.886;618.219;646.770;609.460;609.460;609.460;703.325;749.033;709.724;712.995;731.199;719.414;673.090;766.041;725.977;717.259;725.733;765.766;799.051;651.004;687.552;708.134;602.711;609.696;806.061;630.163;570.253;716.777;659.326;677.660
24,MO AHD (no fuzzy risk),707.8622319771121,798.4805723545014,64.70408637870861,831.2848980552068,1.1025,50.969156612380765,1.612190604816376,0.1154207310599451,0.19840363607179198,626.704;552.509;887.946;894.647;732.041;551.088;810.956;622.606;776.392;757.325;643.334;642.321;670.534;626.704;626.704;626.704;726.205;751.115;742.158;729.343;741.197;735.026;703.003;770.512;733.111;738.269;767.696;779.990;814.728;680.939;723.936;708.253;625.629;642.317;828.303;654.528;590.878;717.904;669.395;691.540
24,C-R-EoH,689.4978213133447,781.9545950011137,65.63005826614416,813.9422843415674,1.1025,51.09417666386172,1.0,0.0,0.0,609.460;539.509;863.564;872.665;695.240;535.227;811.331;616.954;756.255;736.512;631.886;618.219;646.770;609.460;609.460;609.460;703.325;749.033;709.724;712.995;731.199;719.414;673.090;766.041;725.977;717.259;725.733;765.766;799.051;651.004;687.552;708.134;602.711;609.696;806.061;630.163;570.253;716.777;659.326;677.660
25,Classical heuristic,707.6723555773949,791.752105992712,56.50671334587074,821.9639174232309,0.8310673968037401,33.18672076330921,1.0,0.0,0.0,670.910;559.056;761.461;623.438;777.934;635.306;840.990;682.461;613.449;674.782;659.809;677.002;642.179;670.910;670.910;670.910;821.905;624.876;738.164;767.508;710.706;729.934;702.625;690.735;733.612;785.491;823.083;812.213;600.805;731.683;787.888;666.673;744.235;672.191;805.776;772.542;722.510;642.809;679.151;708.275
25,Deterministic AHD,682.2955819777675,763.5170797578306,55.55000179018303,801.3486282167361,1.1025,33.77268503211011,0.6299362058693585,0.004664888325626871,0.0,648.707;545.207;723.507;577.686;730.482;595.441;810.421;665.559;592.648;634.622;633.106;658.037;620.678;648.707;648.707;648.707;788.334;595.605;720.608;748.315;697.155;715.432;696.544;687.101;692.500;733.389;800.965;808.640;579.365;701.422;764.014;644.175;700.763;646.881;768.896;764.635;703.790;624.309;659.385;667.379
25,MO AHD (no fuzzy risk),768.7176783648408,862.4793409147723,62.168617660713025,895.5789340101079,1.1025,30.733764982655842,2.0249496500233546,0.1517618437147587,0.0068551803267252465,731.751;627.682;830.737;645.557;857.384;667.106;898.479;765.223;672.633;730.000;713.744;736.563;702.192;731.751;731.751;731.751;895.426;682.182;770.239;814.205;789.702;804.904;738.809;760.067;779.078;856.973;899.964;891.186;659.752;809.814;853.915;747.010;801.112;720.481;885.767;855.900;785.503;708.365;706.872;757.178
25,C-R-EoH,682.2955819777675,763.5170797578306,55.55000179018303,801.3486282167361,1.1025,33.77268503211011,0.6299362058693585,0.004664888325626871,0.0,648.707;545.207;723.507;577.686;730.482;595.441;810.421;665.559;592.648;634.622;633.106;658.037;620.678;648.707;648.707;648.707;788.334;595.605;720.608;748.315;697.155;715.432;696.544;687.101;692.500;733.389;800.965;808.640;579.365;701.422;764.014;644.175;700.763;646.881;768.896;764.635;703.790;624.309;659.385;667.379
26,Classical heuristic,671.8830416717079,747.3983366530992,52.76616983092483,777.8632578694306,1.1025,44.150944456080836,1.0,0.0,0.0,622.260;698.490;491.052;677.635;676.801;679.135;575.435;658.422;601.471;644.532;641.218;674.130;674.130;622.260;622.260;622.260;860.175;712.211;662.780;721.685;604.185;664.862;648.849;610.357;627.935;782.841;568.904;702.907;721.699;585.334;705.874;777.601;707.192;706.985;746.898;740.154;777.273;709.097;636.078;711.954
26,Deterministic AHD,671.8830416717079,747.3983366530992,52.76616983092483,777.8632578694306,1.1025,44.150944456080836,1.0,0.0,0.0,622.260;698.490;491.052;677.635;676.801;679.135;575.435;658.422;601.471;644.532;641.218;674.130;674.130;622.260;622.260;622.260;860.175;712.211;662.780;721.685;604.185;664.862;648.849;610.357;627.935;782.841;568.904;702.907;721.699;585.334;705.874;777.601;707.192;706.985;746.898;740.154;777.273;709.097;636.078;711.954
26,MO AHD (no fuzzy risk),715.129847101371,807.1039757885959,60.72987226760055,830.3869101628785,1.1025,45.23634028876257,1.8698473388513046,0.004834605596498488,0.4046622889108933,663.444;719.954;520.299;679.726;688.666;758.593;597.138;715.436;639.354;675.396;695.160;719.949;719.949;663.444;663.444;663.444;926.599;780.912;683.969;783.562;661.851;703.201;695.490;626.545;679.581;830.089;599.570;739.573;790.561;628.430;747.117;814.096;759.512;773.388;814.486;817.396;836.054;730.681;659.847;739.288
26,C-R-EoH,671.8830416717079,747.3983366530992,52.76616983092483,777.8632578694306,1.1025,44.150944456080836,1.0,0.0,0.0,622.260;698.490;491.052;677.635;676.801;679.135;575.435;658.422;601.471;644.532;641.218;674.130;674.130;622.260;622.260;622.260;860.175;712.211;662.780;721.685;604.185;664.862;648.849;610.357;627.935;782.841;568.904;702.907;721.699;585.334;705.874;777.601;707.192;706.985;746.898;740.154;777.273;709.097;636.078;711.954
27,Classical heuristic,735.1679354743192,863.3276889695443,84.71762420565555,889.6174900465886,1.0716591188257247,49.977722487340856,1.0,0.0,0.0,688.133;564.695;602.776;518.413;766.970;560.843;641.541;625.375;824.227;759.648;676.880;713.851;651.511;688.133;688.133;688.133;768.392;856.852;730.673;799.737;711.795;602.872;704.977;900.706;737.528;882.685;728.665;809.801;863.477;600.679;988.312;889.034;700.720;832.166;727.113;800.824;861.978;849.869;682.936;715.662
27,Deterministic AHD,735.1679354743192,863.3276889695443,84.71762420565555,889.6174900465886,1.0716591188257247,49.977722487340856,0.9206362131371235,0.0,0.0,688.133;564.695;602.776;518.413;766.970;560.843;641.541;625.375;824.227;759.648;676.880;713.851;651.511;688.133;688.133;688.133;768.392;856.852;730.673;799.737;711.795;602.872;704.977;900.706;737.528;882.685;728.665;809.801;863.477;600.679;988.312;889.034;700.720;832.166;727.113;800.824;861.978;849.869;682.936;715.662
27,MO AHD (no fuzzy risk),814.160374899873,957.1194301138008,95.32331539955757,988.0144287569989,1.0716591188257247,50.58670642077688,1.178275273860318,0.09368975977209215,0.15528301915898973,760.044;642.024;659.029;549.931;865.111;602.459;736.065;698.012;915.607;838.080;752.051;793.300;724.777;760.044;760.044;760.044;844.603;952.825;825.827;884.980;769.465;649.376;784.941;1005.374;825.557;972.330;801.675;874.629;949.054;675.386;1092.142;987.101;763.111;936.755;816.274;878.792;960.152;950.321;752.983;796.143
27,C-R-EoH,740.4247126801449,856.3078618475118,73.17567247337442,883.2587837897761,1.101766551172636,47.70434619228448,0.9282677085681598,0.040909708251735,0.0,692.734;627.776;617.148;532.785;720.383;572.772;690.002;634.862;819.057;793.489;696.101;733.072;670.733;692.734;692.734;692.734;741.948;870.381;765.905;738.247;718.714;621.287;725.635;898.617;735.182;882.450;696.424;826.241;839.982;624.964;981.560;881.922;734.431;786.337;724.680;798.926;847.514;835.553;729.291;731.676
28,Classical heuristic,705.8147331122407,774.6118444549816,45.29149963440433,807.3578898488493,1.1024999999999996,37.099370326540466,1.0,0.0,0.0,649.368;707.829;806.836;800.983;761.078;691.601;617.811;678.858;650.886;723.841;680.628;621.057;693.565;649.368;649.368;649.368;738.707;685.966;677.416;647.371;583.604;654.757;772.304;705.107;696.757;717.737;817.265;847.642;720.210;751.100;635.472;736.214;722.785;771.302;703.640;715.897;712.668;694.311;736.445;755.466
28,Deterministic AHD,705.8147331122407,774.6118444549816,45.29149963440433,807.3578898488493,1.1024999999999996,37.099370326540466,1.0,0.0,0.0,649.368;707.829;806.836;800.983;761.078;691.601;617.811;678.858;650.886;723.841;680.628;621.057;693.565;649.368;649.368;649.368;738.707;685.966;677.416;647.371;583.604;654.757;772.304;705.107;696.757;717.737;817.265;847.642;720.210;751.100;635.472;736.214;722.785;771.302;703.640;715.897;712.668;694.311;736.445;755.466
28,MO AHD (no fuzzy risk),785.5442238004501,864.8056163608102,53.05488782506021,885.1078886222765,1.1025,35.41433213804842,0.4,0.08115132172861039,0.29449334412150113,725.757;785.963;848.682;884.167;871.347;801.162;688.984;758.171;708.790;822.817;751.679;697.200;773.667;725.757;725.757;725.757;793.736;781.608;733.481;726.863;673.155;716.012;877.071;805.462;758.630;823.563;902.989;942.934;810.659;847.996;690.199;830.922;781.518;877.882;765.536;793.805;766.913;759.898;817.983;847.296
28,C-R-EoH,705.8147331122407,774.6118444549815,45.2914996344043,807.3578898488493,1.1025,37.099370326540466,0.8522802447796549,0.0,0.0,649.368;707.829;806.836;800.983;761.078;691.601;617.811;678.858;650.886;723.841;680.628;621.057;693.565;649.368;649.368;649.368;738.707;685.966;677.416;647.371;583.604;654.757;772.304;705.107;696.757;717.737;817.265;847.642;720.210;751.100;635.472;736.214;722.785;771.302;703.640;715.897;712.668;694.311;736.445;755.466
29,Classical heuristic,806.0372832882667,905.1342335930657,65.51505473050707,947.6094331456026,1.0278171390701563,43.25047893650287,1.0,0.0,0.0,726.453;953.657;1101.705;706.114;872.339;652.163;704.961;760.570;771.454;819.552;792.681;719.289;792.681;726.453;726.453;726.453;868.926;911.873;765.699;842.016;768.219;850.949;947.291;775.239;856.467;789.727;800.106;835.669;767.845;848.050;773.038;879.158;864.950;749.784;731.172;782.519;889.121;865.175;730.837;794.681
29,Deterministic AHD,800.834714182854,895.7005497607473,63.083668244782345,941.9371440915379,1.1025,43.17719657889962,1.2344034642544588,0.0,0.04980952768207383,723.311;941.379;1091.708;674.818;861.976;663.776;706.469;751.474;762.358;828.773;783.764;717.697;783.764;723.311;723.311;723.311;878.997;897.657;759.649;844.682;769.481;830.190;952.535;761.081;836.979;799.361;813.776;817.739;761.498;839.587;779.407;860.697;849.981;755.058;739.694;786.835;868.205;861.001;729.253;778.845
29,MO AHD (no fuzzy risk),836.8860867344472,931.5211789724608,63.796946364296204,972.7858277895963,1.1025,40.94453888352615,1.2684448586964587,0.07080993583276807,0.26151678197040645,758.541;991.570;1107.963;726.026;915.177;714.889;724.170;795.499;806.383;856.309;813.847;752.123;813.847;758.541;758.541;758.541;899.505;928.588;802.802;877.920;804.872;876.667;971.797;797.752;883.082;813.808;847.627;866.225;800.719;892.088;793.859;914.277;887.814;798.287;777.131;816.828;896.407;889.987;772.802;812.631
29,C-R-EoH,800.834714182854,895.7005497607473,63.083668244782345,941.9371440915379,1.1025,43.17719657889962,1.2344034642544588,0.0,0.04980952768207383,723.311;941.379;1091.708;674.818;861.976;663.776;706.469;751.474;762.358;828.773;783.764;717.697;783.764;723.311;723.311;723.311;878.997;897.657;759.649;844.682;769.481;830.190;952.535;761.081;836.979;799.361;813.776;817.739;761.498;839.587;779.407;860.697;849.981;755.058;739.694;786.835;868.205;861.001;729.253;778.845
