study,x,value,t_ms_or_s,overhead_factor
instance_size_n,20,0.015083998732734472,0.18066699885821436,11.98
instance_size_n,40,0.03287499930593185,0.34449999839125667,10.48
instance_size_n,80,0.06495799971162342,0.6007499996485421,9.25
instance_size_n,160,0.19999999858555384,1.3038750003033783,6.52
instance_size_n,320,0.5731250003009336,2.6740000012068776,4.67
instance_size_n,640,1.9347079996805405,6.3797500006330665,3.3
ensemble_size_M,1,,0.03908299913746305,1.16
ensemble_size_M,9,,0.1084160012396751,3.23
ensemble_size_M,18,,0.1769579994288506,5.27
ensemble_size_M,37,,0.29733300107182004,8.85
ensemble_size_M,40,,0.331540999468416,9.87
ensemble_size_M,40,,0.3323340006318176,9.9
budget_B,30,,0.011188208000021405,0.373
budget_B,60,,0.021526041000470286,0.359
budget_B,120,,0.043961749999652966,0.366
budget_B,240,,0.08965474999968137,0.374
