seed,method,f1,f2,f3,p95,hv,ood_degradation,pack,buffer,scenario_costs
0,Classical heuristic,841.0953562837076,1012.6538946836425,112.06307225489483,1097.7140157830404,0.3963863034640294,46.341582047004756,1.0,0.0,762.01;1021.98;758.99;743.74;810.10;967.95;706.59;745.67;792.00;768.13;803.75;789.63;748.33;762.01;762.01;762.01;677.73;687.50;699.70;713.81;723.32;731.83;746.86;756.11;765.04;780.91;804.04;825.41;852.10;883.93;910.93;941.73;958.64;987.84;1018.49;1042.68;1061.99;1096.41;1122.55;1149.39
0,Deterministic AHD,845.7188075811413,1048.1907554092306,133.4360240043757,1137.2994036811135,0.1940468754562609,50.9414886950019,1.12,0.15305611275905956,755.02;1064.89;760.67;734.42;818.38;997.88;672.33;717.44;801.71;758.45;822.55;800.65;724.91;755.02;755.02;755.02;637.73;647.50;659.70;673.81;685.32;695.36;719.92;740.27;762.59;795.66;824.79;848.78;879.24;912.66;941.38;973.20;990.90;1021.59;1054.29;1079.09;1099.52;1135.93;1163.29;1191.87
0,MO AHD (no fuzzy risk),845.7188075811413,1048.1907554092306,133.4360240043757,1137.2994036811135,0.9021222683505138,50.9414886950019,1.12,0.15305611275905956,755.02;1064.89;760.67;734.42;818.38;997.88;672.33;717.44;801.71;758.45;822.55;800.65;724.91;755.02;755.02;755.02;637.73;647.50;659.70;673.81;685.32;695.36;719.92;740.27;762.59;795.66;824.79;848.78;879.24;912.66;941.38;973.20;990.90;1021.59;1054.29;1079.09;1099.52;1135.93;1163.29;1191.87
0,C-R-EoH,834.4426015281445,920.5754293703945,57.102533414340975,955.0700859276191,0.9639057082225574,27.083514091472164,0.9062243621233128,0.4440249334544358,802.01;931.64;797.34;783.74;826.52;899.15;746.59;785.67;820.68;802.75;829.02;820.26;788.33;802.01;802.01;802.01;717.73;727.50;739.70;753.81;763.32;771.83;786.86;796.11;805.04;818.27;829.91;839.51;851.70;865.06;876.55;889.28;896.36;908.64;921.72;931.63;939.81;954.37;968.32;984.94
1,Classical heuristic,865.2338013478893,1119.0500855935618,168.26437129635255,1247.3707026289117,0.07714914380433815,65.1860265753757,1.0,0.0,740.87;624.45;855.87;1159.53;971.82;904.16;667.26;823.73;781.69;682.66;765.24;722.33;743.40;740.87;740.87;740.87;626.91;638.14;650.90;672.11;687.69;702.72;715.86;733.09;749.38;779.90;818.99;859.76;891.98;926.36;983.16;1017.63;1047.97;1082.34;1126.27;1172.88;1209.35;1245.65;1280.04;1324.65
1,Deterministic AHD,835.3154500217873,1098.0107182113763,174.27091387547225,1228.2327067111542,0.2038274073859182,68.97635282812588,1.0467363142919406,0.0,708.25;584.45;818.35;1133.53;946.45;868.86;627.26;792.60;756.95;642.66;733.97;682.84;709.89;708.25;708.25;708.25;586.91;598.14;610.90;632.11;647.69;662.72;675.86;694.63;719.50;755.43;796.28;837.45;870.01;904.52;961.84;996.54;1027.04;1061.75;1106.08;1153.08;1189.68;1226.51;1261.06;1306.05
1,MO AHD (no fuzzy risk),835.3154500217873,1098.0107182113763,174.27091387547225,1228.2327067111542,0.8348353988731049,68.97635282812588,1.0467363142919406,0.0,708.25;584.45;818.35;1133.53;946.45;868.86;627.26;792.60;756.95;642.66;733.97;682.84;709.89;708.25;708.25;708.25;586.91;598.14;610.90;632.11;647.69;662.72;675.86;694.63;719.50;755.43;796.28;837.45;870.01;904.52;961.84;996.54;1027.04;1061.75;1106.08;1153.08;1189.68;1226.51;1261.06;1306.05
1,C-R-EoH,825.5474577507664,949.8979305023157,83.562369427856,1010.6200230280418,0.8510043462634309,44.34022925445918,1.12,1.0199306844917122,780.87;664.45;826.85;967.06;878.58;847.05;707.26;815.85;798.56;722.66;789.66;762.33;777.41;780.87;780.87;780.87;666.91;678.14;690.90;712.11;727.69;742.72;755.86;773.09;786.59;802.17;818.51;834.98;848.01;861.81;884.74;898.62;910.81;924.70;942.43;961.56;982.24;1009.02;1041.06;1086.05
2,Classical heuristic,849.4036175858328,1020.9897790148138,118.18407390584248,1105.7118151338134,0.08807979869374562,38.30756822427674,1.0,0.0,744.34;774.78;1009.19;1136.10;938.78;782.37;974.18;934.32;777.81;777.81;826.93;756.76;729.37;744.34;744.34;744.34;667.20;679.85;688.17;701.91;708.19;717.43;729.26;739.83;748.97;770.46;796.70;825.00;845.87;872.73;892.37;916.18;948.01;972.06;998.20;1021.17;1042.18;1076.94;1105.14;1116.60
2,Deterministic AHD,823.8826294057877,1003.4862926518757,124.48069264707188,1090.129832539842,0.2286161410502714,40.785712011198406,1.0837210949147273,0.09661234624639345,714.33;736.09;987.44;1121.04;917.06;747.40;957.47;915.94;755.78;755.78;806.90;733.68;694.82;714.33;714.33;714.33;627.20;639.85;648.17;661.91;668.19;678.28;691.52;706.23;721.49;748.01;776.20;804.86;826.16;853.32;873.25;897.56;929.85;954.25;980.80;1004.20;1025.57;1060.97;1089.55;1101.18
2,MO AHD (no fuzzy risk),823.8826294057877,1003.4862926518757,124.48069264707188,1090.129832539842,0.9067788803562321,40.785712011198406,1.0837210949147273,0.09661234624639345,714.33;736.09;987.44;1121.04;917.06;747.40;957.47;915.94;755.78;755.78;806.90;733.68;694.82;714.33;714.33;714.33;627.20;639.85;648.17;661.91;668.19;678.28;691.52;706.23;721.49;748.01;776.20;804.86;826.16;853.32;873.25;897.56;929.85;954.25;980.80;1004.20;1025.57;1060.97;1089.55;1101.18
2,C-R-EoH,798.552818310636,903.8428164291977,70.30166154825426,980.1298325398421,1.0826290344720264,31.507682821144275,1.0173218394833683,0.43688018919440047,744.34;749.80;895.32;1011.04;841.97;754.76;861.86;833.11;764.96;764.96;782.76;753.24;729.37;744.34;744.34;744.34;667.20;679.85;688.17;701.91;708.19;717.43;729.26;739.83;748.11;759.21;770.48;781.94;790.46;801.33;809.30;822.29;841.56;856.16;874.54;896.27;916.43;950.97;979.55;991.18
3,Classical heuristic,872.9483115294821,1126.7224115514587,171.27866529753905,1259.2175252028994,0.07312693781213524,67.71037561662027,1.0,0.0,727.74;889.36;1031.31;1027.22;1003.68;912.71;843.04;710.28;751.82;812.57;746.88;729.23;714.16;727.74;727.74;727.74;603.96;619.01;638.22;652.34;667.50;687.37;699.61;719.35;737.34;756.73;808.20;843.68;883.84;932.40;975.85;1001.76;1051.37;1096.92;1134.74;1175.05;1225.12;1256.60;1308.89;1358.86
3,Deterministic AHD,837.8521247567293,1095.1443708097083,174.07154323229852,1228.2320006802192,0.24869460681984734,71.10203688939285,1.0026903576187545,0.0,688.04;856.01;997.96;993.87;972.54;879.58;803.04;677.37;716.48;780.99;713.38;690.75;674.16;688.04;688.04;688.04;563.96;579.01;598.22;612.34;627.50;647.37;659.61;679.35;701.83;724.00;776.05;811.61;851.90;900.55;944.05;970.08;1019.83;1065.52;1103.42;1143.89;1194.00;1225.61;1278.04;1328.07
3,MO AHD (no fuzzy risk),837.8521247567293,1095.1443708097083,174.07154323229852,1228.2320006802192,0.8425386097234252,71.10203688939285,1.0026903576187545,0.0,688.04;856.01;997.96;993.87;972.54;879.58;803.04;677.37;716.48;780.99;713.38;690.75;674.16;688.04;688.04;688.04;563.96;579.01;598.22;612.34;627.50;647.37;659.61;679.35;701.83;724.00;776.05;811.61;851.90;900.55;944.05;970.08;1019.83;1065.52;1103.42;1143.89;1194.00;1225.61;1278.04;1328.07
3,C-R-EoH,826.7463146297112,949.6190420514741,84.0339447059022,1009.9894928841643,0.8593992794554484,46.90441717476659,1.0733144764440345,0.9140161597485378,767.74;837.51;901.10;898.17;889.02;851.83;813.95;744.66;780.26;812.40;780.76;768.30;754.16;767.74;767.74;767.74;643.96;659.01;678.22;692.34;707.50;727.37;739.61;759.35;777.03;789.60;810.42;824.64;840.76;860.22;877.62;888.03;907.93;926.21;941.37;957.56;984.48;1007.46;1058.04;1108.07
4,Classical heuristic,999.5982412966626,1341.5281917002444,231.8721293767152,1514.3175839384032,0.3902929209125911,81.78990123243608,1.0,0.0,796.07;1246.57;891.11;803.27;1042.23;1060.38;1278.35;1015.45;723.37;1153.37;857.72;869.01;864.81;796.07;796.07;796.07;626.13;647.07;666.73;691.21;715.94;738.61;763.14;782.72;809.52;854.98;910.62;953.51;1008.96;1063.32;1120.87;1171.70;1236.35;1289.92;1338.10;1397.92;1465.94;1510.43;1588.16;1642.19
4,Deterministic AHD,999.5982412966626,1341.5281917002444,231.8721293767152,1514.3175839384032,0.3902929209125911,81.78990123243608,1.0,0.0,796.07;1246.57;891.11;803.27;1042.23;1060.38;1278.35;1015.45;723.37;1153.37;857.72;869.01;864.81;796.07;796.07;796.07;626.13;647.07;666.73;691.21;715.94;738.61;763.14;782.72;809.52;854.98;910.62;953.51;1008.96;1063.32;1120.87;1171.70;1236.35;1289.92;1338.10;1397.92;1465.94;1510.43;1588.16;1642.19
4,MO AHD (no fuzzy risk),999.5982412966626,1341.5281917002444,231.8721293767152,1514.3175839384032,0.8357548150243401,81.78990123243608,1.0,0.0,796.07;1246.57;891.11;803.27;1042.23;1060.38;1278.35;1015.45;723.37;1153.37;857.72;869.01;864.81;796.07;796.07;796.07;626.13;647.07;666.73;691.21;715.94;738.61;763.14;782.72;809.52;854.98;910.62;953.51;1008.96;1063.32;1120.87;1171.70;1236.35;1289.92;1338.10;1397.92;1465.94;1510.43;1588.16;1642.19
4,C-R-EoH,973.5447644775079,1168.8294446858054,130.9159052682292,1294.317583938403,0.8645519000206707,64.05703300469764,0.9184002749093579,0.3891257787810616,876.07;1116.00;927.28;862.14;983.77;996.74;1131.05;982.36;803.37;1042.35;904.64;914.78;914.53;876.07;876.07;876.07;706.13;727.07;746.73;771.21;795.94;818.61;843.14;862.72;889.52;913.71;937.64;956.24;980.56;1003.90;1028.89;1050.93;1078.54;1106.84;1133.86;1179.60;1245.94;1290.43;1368.16;1422.19
5,Classical heuristic,817.687189242253,1024.1283147867812,136.02729865833362,1157.801795743599,0.2816370843359137,61.84427136294296,1.0,0.0,692.42;815.96;723.33;824.44;889.84;789.12;825.07;851.61;778.07;754.65;720.09;708.51;753.35;692.42;692.42;692.42;585.07;599.85;616.21;626.63;645.02;652.89;669.41;688.83;704.20;734.92;765.96;802.19;840.36;871.77;913.53;955.24;981.63;1021.52;1046.03;1077.40;1116.59;1155.64;1198.85;1234.01
5,Deterministic AHD,817.687189242253,1024.1283147867812,136.02729865833362,1157.801795743599,0.2816370843359137,61.84427136294296,1.0,0.0,692.42;815.96;723.33;824.44;889.84;789.12;825.07;851.61;778.07;754.65;720.09;708.51;753.35;692.42;692.42;692.42;585.07;599.85;616.21;626.63;645.02;652.89;669.41;688.83;704.20;734.92;765.96;802.19;840.36;871.77;913.53;955.24;981.63;1021.52;1046.03;1077.40;1116.59;1155.64;1198.85;1234.01
5,MO AHD (no fuzzy risk),817.687189242253,1024.1283147867812,136.02729865833362,1157.801795743599,0.9963510723938598,61.84427136294296,1.0,0.0,692.42;815.96;723.33;824.44;889.84;789.12;825.07;851.61;778.07;754.65;720.09;708.51;753.35;692.42;692.42;692.42;585.07;599.85;616.21;626.63;645.02;652.89;669.41;688.83;704.20;734.92;765.96;802.19;840.36;871.77;913.53;955.24;981.63;1021.52;1046.03;1077.40;1116.59;1155.64;1198.85;1234.01
5,C-R-EoH,817.7496893615851,912.9069574126187,63.52633860704744,966.2531298837575,0.9990970897655935,35.970495462123175,0.7965192763102272,0.20803714087465863,772.42;814.50;754.50;822.41;853.76;809.91;825.06;840.65;804.02;793.34;784.92;781.22;801.32;772.42;772.42;772.42;665.07;679.85;696.21;706.63;725.02;732.89;749.41;768.83;780.04;793.97;806.38;820.87;836.14;848.71;865.41;882.10;892.65;908.61;918.41;930.96;946.63;964.79;994.14;1020.97
6,Classical heuristic,912.1075799145183,1216.893667716252,200.89766605524974,1367.6582273908198,0.4509846704092232,78.73023609214316,1.0,0.0,741.27;858.87;858.43;785.87;625.28;932.81;1248.29;1074.49;865.33;759.70;845.88;867.87;752.31;741.27;741.27;741.27;600.09;611.76;640.16;656.87;672.55;696.49;711.14;732.31;750.25;795.84;846.53;886.12;947.14;988.61;1038.21;1086.84;1138.76;1173.96;1226.71;1278.51;1322.45;1364.77;1422.52;1455.50
6,Deterministic AHD,884.5414081551249,1199.4503761138762,208.05221827658207,1351.9356434764588,0.533469117171505,82.92316061915679,1.0222408607633469,0.0,705.48;826.00;838.12;740.29;585.28;910.14;1231.79;1055.58;843.31;721.24;824.57;846.56;722.43;705.48;705.48;705.48;560.09;571.76;600.16;616.87;632.55;656.49;671.14;692.31;719.88;773.00;824.11;864.40;926.17;968.29;1018.50;1067.70;1120.34;1155.86;1209.25;1261.70;1306.20;1349.01;1407.56;1441.07
6,MO AHD (no fuzzy risk),884.5414081551249,1199.4503761138762,208.05221827658207,1351.9356434764588,0.8911017582197615,82.92316061915679,1.0179834265214638,0.0,705.48;826.00;838.12;740.29;585.28;910.14;1231.79;1055.58;843.31;721.24;824.57;846.56;722.43;705.48;705.48;705.48;560.09;571.76;600.16;616.87;632.55;656.49;671.14;692.31;719.88;773.00;824.11;864.40;926.17;968.29;1018.50;1067.70;1120.34;1155.86;1209.25;1261.70;1306.20;1349.01;1407.56;1441.07
6,C-R-EoH,855.5877365361441,1019.2894654903596,107.57356213418822,1131.9356434764588,0.895432506242921,63.40008640639171,1.092659817075142,0.7869519956829265,781.27;823.81;849.16;790.35;665.28;864.06;1032.11;922.23;837.33;776.28;829.83;838.62;788.89;781.27;781.27;781.27;640.09;651.76;680.16;696.87;712.55;736.49;751.14;772.31;787.62;809.20;829.64;845.76;870.47;887.32;907.40;927.08;948.13;962.80;995.90;1043.95;1086.20;1129.01;1187.56;1221.07
7,Classical heuristic,787.0888492984227,969.5154001663426,122.13346750932882,1078.2209527568775,0.6228340051767239,54.38422514856966,1.0,0.0,682.53;973.70;809.57;829.79;718.23;830.71;719.95;768.19;680.78;768.19;683.27;703.93;708.18;682.53;682.53;682.53;589.91;602.99;614.69;629.25;638.23;650.14;664.63;677.78;690.62;713.35;734.61;760.41;793.03;830.00;852.07;891.13;918.18;945.79;981.85;1016.15;1049.69;1076.88;1103.66;1133.89
7,Deterministic AHD,787.0888492984227,969.5154001663426,122.13346750932882,1078.2209527568775,0.6228340051767239,54.38422514856966,1.0,0.0,682.53;973.70;809.57;829.79;718.23;830.71;719.95;768.19;680.78;768.19;683.27;703.93;708.18;682.53;682.53;682.53;589.91;602.99;614.69;629.25;638.23;650.14;664.63;677.78;690.62;713.35;734.61;760.41;793.03;830.00;852.07;891.13;918.18;945.79;981.85;1016.15;1049.69;1076.88;1103.66;1133.89
7,MO AHD (no fuzzy risk),787.0888492984227,969.5154001663426,122.13346750932882,1078.2209527568775,1.1025,54.38422514856966,0.996925644432663,0.0,682.53;973.70;809.57;829.79;718.23;830.71;719.95;768.19;680.78;768.19;683.27;703.93;708.18;682.53;682.53;682.53;589.91;602.99;614.69;629.25;638.23;650.14;664.63;677.78;690.62;713.35;734.61;760.41;793.03;830.00;852.07;891.13;918.18;945.79;981.85;1016.15;1049.69;1076.88;1103.66;1133.89
7,C-R-EoH,774.9068853764737,882.2060635976487,71.20138098002613,968.2209527568775,1.1025,42.615976458029714,0.8941584839135609,0.19752589374940815,722.53;886.06;788.15;788.49;726.49;794.67;740.16;765.04;715.75;765.04;720.31;735.61;740.32;722.53;722.53;722.53;629.91;642.99;654.69;669.25;678.23;690.14;704.63;717.78;728.67;742.32;752.19;764.11;777.21;792.00;800.83;816.45;829.01;846.20;873.18;906.15;939.69;966.88;993.66;1023.89
8,Classical heuristic,725.0503071380916,843.2270457593035,79.8023219045742,887.3377438963499,0.6973353606750488,35.12588989357556,1.0,0.0,653.76;807.74;785.12;858.04;843.53;745.35;726.25;706.95;677.51;681.29;681.76;662.09;668.28;653.76;653.76;653.76;590.62;595.52;604.55;613.99;625.85;630.44;641.68;649.22;657.85;672.10;686.52;701.58;717.24;732.45;755.90;772.64;791.61;814.02;836.13;852.27;873.36;886.09;911.10;930.29
8,Deterministic AHD,713.9476539943661,823.5454632069848,72.38091468914575,872.092734892532,0.8715832567925288,36.32321094608792,1.0025501554844896,0.07366965696769316,653.76;778.62;773.73;837.31;822.64;724.21;714.39;691.53;668.14;678.24;670.32;661.01;663.81;653.76;653.76;653.76;590.62;595.52;604.55;613.99;625.85;630.44;641.68;649.22;657.85;667.29;675.63;685.25;695.10;706.03;726.09;744.15;765.36;790.31;814.65;833.15;856.68;870.70;898.64;920.16
8,MO AHD (no fuzzy risk),713.9476539943661,823.5454632069848,72.38091468914575,872.092734892532,0.8808917709030661,36.32321094608792,0.9510895953759319,0.0,653.76;778.62;773.73;837.31;822.64;724.21;714.39;691.53;668.14;678.24;670.32;661.01;663.81;653.76;653.76;653.76;590.62;595.52;604.55;613.99;625.85;630.44;641.68;649.22;657.85;667.29;675.63;685.25;695.10;706.03;726.09;744.15;765.36;790.31;814.65;833.15;856.68;870.70;898.64;920.16
8,C-R-EoH,727.693827947877,788.7718827809823,42.67458471076648,808.8682344170342,0.8808917709030661,20.2281752678409,0.8105196850368834,0.16673416744162556,693.76;771.45;757.50;794.92;789.06;743.44;732.60;726.79;708.14;713.84;710.32;701.01;703.81;693.76;693.76;693.76;630.62;635.52;644.55;653.99;665.85;670.44;681.68;689.22;697.85;707.29;715.63;724.17;731.93;739.75;750.23;757.66;766.14;776.12;785.86;793.26;802.67;808.28;820.08;831.03
9,Classical heuristic,943.95683260363,1224.3801944883942,186.65193819499868,1392.0770855550493,0.31969951833120486,71.00455448029804,1.0,0.0,780.30;1031.44;1031.44;767.10;906.55;917.38;1122.47;878.92;856.74;884.22;739.72;874.50;935.84;780.30;780.30;780.30;628.52;647.23;667.57;688.83;701.82;728.55;748.76;765.34;791.03;832.44;872.15;911.49;959.53;1015.92;1060.12;1104.50;1157.31;1200.76;1252.66;1287.57;1343.90;1389.22;1446.32;1489.22
9,Deterministic AHD,922.6739951355252,1194.5805535280251,179.12676583049193,1378.1084654593953,0.5122835714252932,74.75349412651772,0.938673730342169,0.0,780.30;970.42;970.42;753.98;861.00;879.84;1078.72;839.49;833.76;849.22;739.72;840.05;891.84;780.30;780.30;780.30;628.52;647.23;667.57;688.83;701.82;728.55;748.76;765.34;788.59;813.41;836.20;868.25;913.81;974.09;1022.06;1069.23;1126.37;1172.76;1228.87;1265.99;1326.50;1375.04;1436.48;1483.03
9,MO AHD (no fuzzy risk),922.6739951355252,1194.5805535280251,179.12676583049193,1378.1084654593953,0.8960703155571623,74.75349412651772,0.938673730342169,0.0,780.30;970.42;970.42;753.98;861.00;879.84;1078.72;839.49;833.76;849.22;739.72;840.05;891.84;780.30;780.30;780.30;628.52;647.23;667.57;688.83;701.82;728.55;748.76;765.34;788.59;813.41;836.20;868.25;913.81;974.09;1022.06;1069.23;1126.37;1172.76;1228.87;1265.99;1326.50;1375.04;1436.48;1483.03
9,C-R-EoH,930.8021315039866,1075.6417531892828,97.51693593152036,1159.764808094968,0.9593346643323276,49.947147741038215,0.7646371572956433,0.1814516688137649,860.30;970.96;970.96;852.04;923.29;917.95;1015.49;903.03;894.51;908.33;819.72;909.92;939.35;860.30;860.30;860.30;708.52;727.23;747.57;768.83;781.82;808.55;828.76;845.34;868.59;893.41;911.74;928.57;949.52;973.64;992.82;1011.69;1034.55;1053.10;1077.07;1094.35;1123.39;1156.78;1216.48;1263.03
10,Classical heuristic,885.8861900306074,1110.6595333595535,151.50682628843433,1248.4093951401562,0.1207755062714507,61.27520161550616,1.0,0.0,750.39;878.21;862.41;966.68;872.64;1035.73;978.39;770.65;849.95;922.05;764.19;774.78;746.25;750.39;750.39;750.39;629.68;649.74;662.63;677.37;694.72;710.56;725.63;741.38;755.69;779.72;827.53;855.84;903.19;940.50;970.73;1010.05;1050.86;1083.84;1118.90;1163.01;1214.64;1246.50;1284.66;1314.58
10,Deterministic AHD,873.6676678306754,1118.5931204524486,167.22443060312034,1261.8139679975795,0.09136962678758109,65.44668384185248,1.0483713686163856,0.0,725.99;852.43;837.51;952.22;854.60;1043.74;976.22;737.52;837.45;924.56;738.17;753.62;720.21;725.99;725.99;725.99;589.68;609.74;622.63;637.37;654.72;670.56;685.63;706.73;739.23;778.29;832.32;861.19;909.32;947.58;978.31;1018.38;1060.04;1093.86;1129.56;1174.40;1227.19;1259.87;1298.73;1329.18
10,MO AHD (no fuzzy risk),873.6676678306754,1118.5931204524486,167.22443060312034,1261.8139679975795,0.7409057543748193,65.44668384185248,1.0358337497929697,0.0,725.99;852.43;837.51;952.22;854.60;1043.74;976.22;737.52;837.45;924.56;738.17;753.62;720.21;725.99;725.99;725.99;589.68;609.74;622.63;637.37;654.72;670.56;685.63;706.73;739.23;778.29;832.32;861.19;909.32;947.58;978.31;1018.38;1060.04;1093.86;1129.56;1174.40;1227.19;1259.87;1298.73;1329.18
10,C-R-EoH,847.2607420135562,963.6177800469637,79.17217804910922,1042.0529938450272,0.7409057543748193,44.67719858862653,0.8182776887865806,0.17698366205607474,790.39;833.82;822.34;892.33;836.99;919.48;890.49;788.64;834.16;869.83;792.50;799.93;784.74;790.39;790.39;790.39;669.68;689.74;702.63;717.37;734.72;750.56;765.63;781.38;795.69;811.32;832.93;844.47;863.73;879.03;891.32;907.35;924.02;937.54;951.82;973.20;1011.45;1040.12;1078.73;1109.18
11,Classical heuristic,805.5715722361696,996.4353864490994,135.89830174819357,1081.6160787795352,0.627743364346517,52.6975842765054,1.0,0.0,683.41;973.74;882.64;902.05;998.02;623.43;664.80;893.28;903.49;798.59;730.77;723.58;742.54;683.41;683.41;683.41;588.39;603.02;615.48;627.98;640.07;649.52;664.82;680.05;693.93;709.43;745.46;781.10;793.58;820.71;862.39;895.26;934.64;950.88;983.12;1018.44;1051.67;1080.21;1108.26;1153.88
11,Deterministic AHD,805.5715722361696,996.4353864490994,135.89830174819357,1081.6160787795352,0.627743364346517,52.6975842765054,1.0,0.0,683.41;973.74;882.64;902.05;998.02;623.43;664.80;893.28;903.49;798.59;730.77;723.58;742.54;683.41;683.41;683.41;588.39;603.02;615.48;627.98;640.07;649.52;664.82;680.05;693.93;709.43;745.46;781.10;793.58;820.71;862.39;895.26;934.64;950.88;983.12;1018.44;1051.67;1080.21;1108.26;1153.88
11,MO AHD (no fuzzy risk),805.5715722361696,996.4353864490994,135.89830174819357,1081.6160787795352,1.0826741182766857,52.6975842765054,1.0,0.0,683.41;973.74;882.64;902.05;998.02;623.43;664.80;893.28;903.49;798.59;730.77;723.58;742.54;683.41;683.41;683.41;588.39;603.02;615.48;627.98;640.07;649.52;664.82;680.05;693.93;709.43;745.46;781.10;793.58;820.71;862.39;895.26;934.64;950.88;983.12;1018.44;1051.67;1080.21;1108.26;1153.88
11,C-R-EoH,784.8472555163992,900.1741316161091,79.42570754411516,971.6160787795352,1.1025,42.714180695697245,0.914695607242642,0.21984949371570714,723.41;904.76;822.65;838.40;892.18;663.43;704.80;817.31;821.84;779.09;751.55;746.18;754.93;723.41;723.41;723.41;628.39;643.02;655.48;667.98;680.07;689.52;704.82;720.05;731.17;740.93;758.06;772.44;777.43;788.28;804.96;818.10;838.17;848.66;873.15;908.44;941.67;970.21;998.26;1043.88
12,Classical heuristic,895.5360128935861,1181.5342848184184,188.39518475552865,1306.8140304887663,0.07158863208819738,74.57917928506578,1.0,0.0,738.68;728.03;1229.61;1229.61;759.06;759.06;900.27;930.53;840.05;867.46;769.73;758.91;728.58;738.68;738.68;738.68;605.48;620.57;641.36;659.82;680.67;696.77;716.59;726.33;745.11;775.22;823.03;868.40;905.73;962.81;989.23;1040.02;1092.76;1123.75;1180.71;1211.95;1262.39;1304.89;1343.36;1388.87
12,Deterministic AHD,874.1130896702067,1177.1820310369596,200.81186857558436,1304.524392721161,0.10552343350858046,79.27574547910791,1.12,0.19228984873240207,700.60;708.95;1229.84;1229.84;724.18;724.18;884.13;919.91;821.59;849.01;746.27;728.75;688.58;700.60;700.60;700.60;565.48;580.57;601.36;619.82;640.67;656.77;676.59;686.33;713.36;761.08;810.07;856.45;894.64;953.01;979.79;1031.82;1085.70;1117.73;1175.64;1207.66;1259.26;1302.56;1341.85;1388.65
12,MO AHD (no fuzzy risk),873.7508440500324,1177.1820310369596,200.76105869015115,1304.524392721161,0.7302951960253509,79.35007084777054,1.0186104157279097,0.0,700.60;708.95;1229.84;1229.84;725.02;725.02;877.32;919.91;816.92;844.33;746.27;728.75;688.58;700.60;700.60;700.60;565.48;580.57;601.36;619.82;640.67;656.77;676.59;686.33;713.36;761.08;810.07;856.45;894.64;953.01;979.79;1031.82;1085.70;1117.73;1175.64;1207.66;1259.26;1302.56;1341.85;1388.65
12,C-R-EoH,850.4551740642371,1005.40034869157,101.95989955666207,1084.524392721161,0.7474389840388513,58.394327992527245,0.9933064455820249,0.5518030465549073,778.68;766.31;1056.10;1056.10;777.69;777.69;844.41;867.96;822.50;836.51;798.51;791.50;768.58;778.68;778.68;778.68;645.48;660.57;681.36;699.82;720.67;736.77;756.59;766.33;785.11;804.43;824.03;842.58;857.86;881.20;891.92;912.73;934.28;947.09;976.24;999.68;1041.81;1082.56;1121.85;1168.65
13,Classical heuristic,943.0642042801904,1236.2301477381416,198.58579124973215,1393.8842121525051,0.18927086299875656,73.82022937738105,1.0,0.0,767.72;771.96;905.48;1083.58;852.75;1088.86;678.56;871.17;996.84;1112.97;814.71;895.90;876.99;767.72;767.72;767.72;620.17;643.66;659.81;681.37;700.15;715.39;735.90;759.58;786.60;820.87;878.25;921.69;974.05;1018.86;1062.39;1116.19;1161.69;1207.06;1259.65;1301.48;1352.82;1391.38;1441.51;1491.42
13,Deterministic AHD,937.0314132574385,1225.656360970186,194.96276736617693,1382.9127161130282,0.2376713780636654,73.72984245966757,0.9902242519456473,0.0,767.72;771.96;898.40;1073.94;855.12;1079.10;678.56;870.68;986.20;1103.09;804.71;885.89;866.61;767.72;767.72;767.72;620.17;643.66;659.81;681.37;700.15;715.39;735.90;759.58;779.68;811.73;867.97;911.32;963.64;1008.39;1051.86;1105.56;1151.02;1196.34;1248.85;1290.63;1341.93;1380.41;1430.49;1480.32
13,MO AHD (no fuzzy risk),937.0314132574385,1225.656360970186,194.96276736617693,1382.9127161130282,0.9760988312402651,73.72984245966757,0.9902242519456473,0.0,767.72;771.96;898.40;1073.94;855.12;1079.10;678.56;870.68;986.20;1103.09;804.71;885.89;866.61;767.72;767.72;767.72;620.17;643.66;659.81;681.37;700.15;715.39;735.90;759.58;779.68;811.73;867.97;911.32;963.64;1008.39;1051.86;1105.56;1151.02;1196.34;1248.85;1290.63;1341.93;1380.41;1430.49;1480.32
13,C-R-EoH,916.0721426826843,1058.505008146863,97.67310963466684,1128.2973375327115,1.010703113961636,49.79030325853855,0.9051065120451351,0.5491138933059094,847.72;827.94;899.53;1008.45;882.42;981.36;758.56;890.62;951.63;997.83;874.37;903.54;899.68;847.72;847.72;847.72;700.17;723.66;739.81;761.37;780.15;795.39;815.90;839.58;859.51;874.35;898.80;917.26;939.17;958.06;976.29;999.03;1018.10;1037.19;1059.59;1076.89;1102.10;1126.42;1164.05;1213.27
14,Classical heuristic,931.8566129760941,1210.5035838427807,186.1992317951205,1350.029636231034,0.4975520176553278,74.25194061939044,1.0,0.0,786.63;1148.59;1108.09;797.04;871.26;861.99;776.77;767.71;1004.62;729.86;855.73;829.41;854.88;786.63;786.63;786.63;644.53;663.00;679.95;696.08;716.26;737.20;755.98;776.33;797.47;825.84;869.09;919.55;960.75;1004.54;1045.61;1092.82;1135.95;1180.76;1223.31;1259.16;1321.51;1346.96;1408.31;1460.83
14,Deterministic AHD,931.8566129760941,1210.5035838427807,186.1992317951205,1350.029636231034,0.4975520176553278,74.25194061939044,1.0,0.0,786.63;1148.59;1108.09;797.04;871.26;861.99;776.77;767.71;1004.62;729.86;855.73;829.41;854.88;786.63;786.63;786.63;644.53;663.00;679.95;696.08;716.26;737.20;755.98;776.33;797.47;825.84;869.09;919.55;960.75;1004.54;1045.61;1092.82;1135.95;1180.76;1223.31;1259.16;1321.51;1346.96;1408.31;1460.83
14,MO AHD (no fuzzy risk),922.2100521861412,1201.2265605401478,184.24532511033036,1348.7663007711778,0.9509443838834221,76.0746619549121,0.932236497562401,0.0,786.63;1152.75;1111.78;786.34;837.68;836.40;797.63;756.62;981.07;729.86;838.36;804.40;836.20;786.63;786.63;786.63;644.53;663.00;679.95;696.08;716.26;737.20;755.98;776.33;796.35;812.34;838.12;884.21;926.78;975.34;1019.99;1071.16;1117.68;1165.81;1211.93;1250.81;1318.19;1345.63;1408.31;1460.83
14,C-R-EoH,928.5784789622394,1075.7545237006696,99.53150675322092,1139.8900136958214,0.985177456129397,51.34444409948909,1.0484530121859004,0.7935043267552017,866.63;1036.56;1037.65;846.90;898.47;897.33;854.98;836.62;973.54;809.86;904.92;884.40;904.94;866.63;866.63;866.63;724.53;743.00;759.95;776.08;796.26;817.20;835.98;856.33;876.35;892.34;912.32;935.25;954.29;974.13;991.99;1012.46;1031.07;1050.33;1068.77;1084.32;1119.14;1136.97;1195.32;1246.08
15,Classical heuristic,845.4122013585336,1061.076782351978,141.93645240618395,1189.0534176581505,0.30747465190494144,54.46193979544586,1.0,0.0,741.36;747.23;1188.78;792.43;858.29;734.95;659.43;893.01;724.43;753.69;720.30;786.93;776.28;741.36;741.36;741.36;638.81;651.40;663.88;682.41;689.72;705.10;719.47;737.35;750.10;768.58;794.51;834.13;867.62;909.78;937.11;962.63;1005.96;1034.60;1064.05;1091.69;1123.48;1157.63;1194.26;1231.04
15,Deterministic AHD,824.0525687268712,1054.7495934758595,152.89654499527296,1187.4057871442774,0.3737081930502588,58.45431687606884,1.033513458254541,0.0,707.51;734.26;1187.20;797.97;850.73;697.02;619.43;882.29;690.58;718.92;680.30;770.43;755.15;707.51;707.51;707.51;598.81;611.40;623.88;642.41;649.72;665.10;679.47;699.81;721.75;753.84;781.29;821.81;856.25;899.56;927.47;953.61;998.17;1027.47;1057.65;1086.01;1118.58;1153.55;1191.22;1228.97
15,MO AHD (no fuzzy risk),824.0525687268712,1054.7495934758595,152.89654499527296,1187.4057871442774,0.9483886473853873,58.45431687606884,1.033513458254541,0.0,707.51;734.26;1187.20;797.97;850.73;697.02;619.43;882.29;690.58;718.92;680.30;770.43;755.15;707.51;707.51;707.51;598.81;611.40;623.88;642.41;649.72;665.10;679.47;699.81;721.75;753.84;781.29;821.81;856.25;899.56;927.47;953.61;998.17;1027.47;1057.65;1086.01;1118.58;1153.55;1191.22;1228.97
15,C-R-EoH,820.8124999923905,925.8103465365662,70.45170766742609,984.9101160906258,0.9538097757098847,32.72216697522437,0.8698646096599643,0.42479112708454364,781.36;772.48;994.80;807.83;835.28;760.00;699.43;852.92;764.43;779.61;760.30;808.17;802.06;781.36;781.36;781.36;678.81;691.40;703.88;722.41;729.72;745.10;759.47;777.35;788.51;801.53;812.51;828.72;842.50;859.82;870.99;881.44;899.27;910.99;923.06;934.40;947.43;962.99;984.39;1013.03
16,Classical heuristic,918.8195826828203,1194.5636869286175,185.44469044520002,1330.6964495452874,0.5262875478705252,65.61074137146977,1.0,0.0,766.69;733.12;743.44;1206.65;931.29;711.36;917.33;1092.88;939.42;978.69;770.22;811.50;771.41;766.69;766.69;766.69;635.00;647.82;668.92;685.04;703.39;720.05;737.69;758.13;773.59;808.28;856.90;904.00;950.10;988.15;1033.64;1081.94;1123.97;1154.20;1192.20;1245.34;1292.27;1328.30;1376.17;1413.61
16,Deterministic AHD,918.8195826828203,1194.5636869286175,185.44469044520002,1330.6964495452874,0.5262875478705252,65.61074137146977,1.0,0.0,766.69;733.12;743.44;1206.65;931.29;711.36;917.33;1092.88;939.42;978.69;770.22;811.50;771.41;766.69;766.69;766.69;635.00;647.82;668.92;685.04;703.39;720.05;737.69;758.13;773.59;808.28;856.90;904.00;950.10;988.15;1033.64;1081.94;1123.97;1154.20;1192.20;1245.34;1292.27;1328.30;1376.17;1413.61
16,MO AHD (no fuzzy risk),891.4695578308686,1136.4917284155786,163.26301328604865,1272.2205518590176,1.0756415389690148,65.32995542686763,0.9265897423003664,0.0,766.69;715.62;751.14;1147.67;901.75;707.24;886.09;1035.20;915.02;932.32;764.61;792.28;770.44;766.69;766.69;766.69;635.00;647.82;668.92;685.04;703.39;720.05;737.69;758.13;772.28;790.97;813.32;851.74;896.75;933.79;977.71;1024.38;1065.51;1094.37;1131.56;1183.21;1231.14;1269.69;1320.26;1359.91
16,C-R-EoH,881.8004063003182,1046.9941788953565,109.26601602866772,1162.2205518590179,1.0756415389690148,54.66835951324927,1.0121579629158857,0.5483306749687613,806.69;774.73;776.71;1099.38;880.19;747.24;882.76;952.00;885.68;905.04;804.61;832.28;810.44;806.69;806.69;806.69;675.00;687.82;708.92;725.04;743.39;760.05;777.69;798.13;812.28;830.97;851.92;871.90;891.53;907.78;926.93;947.40;965.43;982.83;1016.42;1071.75;1121.14;1159.69;1210.26;1249.91
17,Classical heuristic,809.1143299843123,1039.5633306474772,153.52439167040848,1158.8579546458423,0.3132109606040404,54.2612985856916,1.0,0.0,685.97;622.89;808.97;1189.81;935.42;636.70;999.66;839.04;708.49;656.19;679.15;751.79;713.27;685.97;685.97;685.97;580.49;601.24;612.16;624.77;639.92;655.50;667.58;682.04;690.31;725.25;755.53;792.12;813.65;849.30;883.71;921.65;946.36;985.74;1024.71;1053.39;1093.47;1126.43;1157.23;1196.73
17,Deterministic AHD,809.1143299843123,1039.5633306474772,153.52439167040848,1158.8579546458423,0.3132109606040404,54.2612985856916,1.0,0.0,685.97;622.89;808.97;1189.81;935.42;636.70;999.66;839.04;708.49;656.19;679.15;751.79;713.27;685.97;685.97;685.97;580.49;601.24;612.16;624.77;639.92;655.50;667.58;682.04;690.31;725.25;755.53;792.12;813.65;849.30;883.71;921.65;946.36;985.74;1024.71;1053.39;1093.47;1126.43;1157.23;1196.73
17,MO AHD (no fuzzy risk),809.1143299843123,1039.5633306474772,153.52439167040848,1158.8579546458423,0.9474821982867531,54.2612985856916,1.0,0.0,685.97;622.89;808.97;1189.81;935.42;636.70;999.66;839.04;708.49;656.19;679.15;751.79;713.27;685.97;685.97;685.97;580.49;601.24;612.16;624.77;639.92;655.50;667.58;682.04;690.31;725.25;755.53;792.12;813.65;849.30;883.71;921.65;946.36;985.74;1024.71;1053.39;1093.47;1126.43;1157.23;1196.73
17,C-R-EoH,811.2074115428218,916.8352287688753,72.38230335003458,965.1402906530767,0.98314719871397,27.889057138724638,0.9636452999446071,0.7606527453168075,765.97;702.89;814.64;980.61;873.03;716.70;899.86;833.85;776.67;736.19;759.15;799.96;778.14;765.97;765.97;765.97;660.49;681.24;692.16;704.77;719.92;735.50;747.58;762.04;770.06;789.36;802.21;816.85;825.46;839.72;853.49;868.66;878.54;894.30;909.89;921.36;937.39;950.57;964.33;986.84
18,Classical heuristic,903.6078033412621,1181.4171156823325,181.64253165755053,1331.6601267188255,0.277485197791483,72.40918777360582,1.0,0.0,760.57;986.18;612.93;1225.03;819.90;835.00;798.50;828.15;869.54;864.19;807.33;769.87;828.98;760.57;760.57;760.57;621.59;638.55;660.19;678.19;691.41;715.56;734.41;752.52;769.35;801.74;841.78;879.04;924.94;969.92;1025.80;1064.60;1113.28;1158.12;1184.30;1228.16;1279.24;1329.52;1372.39;1421.89
18,Deterministic AHD,909.3356723739862,1218.8475040871351,203.19146189440033,1375.0797544488353,0.11706969978299844,77.26742809159708,1.0630811693251563,0.001578143712900576,751.42;1013.09;572.93;1273.82;828.16;833.62;785.83;825.26;873.35;880.25;821.64;762.89;839.31;751.42;751.42;751.42;581.59;598.55;620.19;638.19;651.41;675.56;696.74;731.30;772.91;819.33;862.39;901.85;949.51;996.89;1055.14;1095.72;1146.67;1193.54;1221.55;1267.35;1320.60;1372.83;1417.86;1469.96
18,MO AHD (no fuzzy risk),909.3356723739862,1218.8475040871351,203.19146189440033,1375.0797544488353,0.6701363519316721,77.26742809159708,1.0581334217523148,0.0,751.42;1013.09;572.93;1273.82;828.16;833.62;785.83;825.26;873.35;880.25;821.64;762.89;839.31;751.42;751.42;751.42;581.59;598.55;620.19;638.19;651.41;675.56;696.74;731.30;772.91;819.33;862.39;901.85;949.51;996.89;1055.14;1095.72;1146.67;1193.54;1221.55;1267.35;1320.60;1372.83;1417.86;1469.96
18,C-R-EoH,871.2044090767984,1038.319412376265,109.05475365063435,1155.0797544488353,0.679066264723156,59.77375052679435,1.12,0.7002048407020021,800.57;931.06;652.93;1104.15;818.11;830.19;814.33;826.42;849.34;852.10;828.66;805.16;835.72;800.57;800.57;800.57;661.59;678.55;700.19;718.19;731.41;755.56;774.41;792.52;809.16;827.73;844.96;860.74;879.80;898.76;922.06;938.29;959.57;988.03;1007.66;1047.35;1100.60;1152.83;1197.86;1249.96
19,Classical heuristic,868.4396561780608,1043.6570544592482,119.05507463181425,1107.266983852726,0.5081074474488172,42.91327599797478,1.0,0.0,769.26;826.36;1045.63;1087.36;951.93;766.17;989.14;812.29;916.52;812.65;769.75;774.16;809.86;769.26;769.26;769.26;676.12;688.77;699.71;718.29;730.19;736.31;751.86;766.44;775.30;786.00;798.19;829.40;856.61;883.98;908.09;946.36;975.51;988.77;1022.69;1050.11;1084.56;1105.16;1147.39;1172.94
19,Deterministic AHD,860.4167575683147,1027.3705516394539,113.1984860066013,1090.6424588609793,0.6287790055198077,42.280918034287815,0.9457839132467429,0.0004949087082423628,769.26;807.01;1026.83;1073.39;936.63;751.66;973.73;799.44;906.98;803.11;769.75;774.16;806.31;769.26;769.26;769.26;676.12;688.77;699.71;718.29;730.19;736.31;751.86;766.44;775.30;786.00;797.32;822.76;848.50;872.45;895.38;930.31;959.19;972.41;1006.26;1033.63;1068.01;1088.53;1130.71;1156.18
19,MO AHD (no fuzzy risk),851.3994584534676,1005.7113547302467,103.24869754710099,1071.1131406130653,0.7965147488053388,42.48384363931283,0.9238226974100554,0.0,769.26;817.05;1013.37;1053.86;916.68;751.66;941.34;803.00;889.74;804.97;769.75;774.16;799.71;769.26;769.26;769.26;676.12;688.77;699.71;718.29;730.19;736.31;751.86;766.44;775.30;786.00;797.32;813.92;831.14;851.32;871.97;905.77;933.93;947.10;981.41;1010.71;1047.23;1068.88;1113.56;1140.41
19,C-R-EoH,858.3778357057321,953.6199605968548,66.36457614279792,987.6313663201541,0.8185929903960995,29.487223481638438,0.8884294130785848,0.33498665370085356,809.26;830.73;950.08;977.46;900.61;791.66;920.16;836.89;890.70;835.58;809.75;814.16;839.71;809.26;809.26;809.26;716.12;728.77;739.71;758.29;770.19;776.31;791.86;806.44;815.30;826.00;837.32;853.57;866.15;877.86;887.95;904.13;916.53;922.25;936.56;948.28;967.67;985.81;1022.25;1045.26
20,Classical heuristic,772.0023033948092,997.3328435550017,153.30613562273112,1100.4998734378082,0.5941062979132141,72.61981565270551,1.0,0.0,656.03;991.55;533.57;570.30;868.73;983.37;827.98;678.11;808.06;688.08;695.46;663.64;666.54;656.03;656.03;656.03;538.39;554.99;574.25;590.03;604.54;615.91;634.96;646.20;665.42;682.23;718.70;744.48;775.51;813.29;850.41;885.17;916.69;951.09;993.88;1031.79;1066.36;1098.12;1145.78;1182.40
20,Deterministic AHD,772.0023033948092,997.3328435550017,153.30613562273112,1100.4998734378082,0.5941062979132141,72.61981565270551,1.0,0.0,656.03;991.55;533.57;570.30;868.73;983.37;827.98;678.11;808.06;688.08;695.46;663.64;666.54;656.03;656.03;656.03;538.39;554.99;574.25;590.03;604.54;615.91;634.96;646.20;665.42;682.23;718.70;744.48;775.51;813.29;850.41;885.17;916.69;951.09;993.88;1031.79;1066.36;1098.12;1145.78;1182.40
20,MO AHD (no fuzzy risk),769.312631451011,996.6533683276705,152.81445214188466,1100.4998734378082,1.0806992973509368,73.22332930388396,0.9378530902762225,0.0,656.03;988.20;533.57;570.30;868.73;983.37;812.65;677.88;792.26;672.28;694.20;661.25;666.54;656.03;656.03;656.03;538.39;554.99;574.25;590.03;604.54;615.91;634.96;646.20;665.00;678.43;709.34;732.63;762.41;803.89;845.42;884.68;916.69;951.09;993.88;1031.79;1066.36;1098.12;1145.78;1182.40
20,C-R-EoH,758.7721620276019,902.0502282205175,96.86082496351267,990.4998734378081,1.0969331653664331,61.13255258174382,1.0358241084243864,0.6304370116512292,696.03;895.28;573.57;610.30;815.97;873.91;788.29;709.13;774.88;711.01;725.26;701.25;706.54;696.03;696.03;696.03;578.39;594.99;614.25;630.03;644.54;655.91;674.96;686.20;705.00;718.43;739.48;751.17;764.96;781.56;798.17;813.87;826.68;844.46;883.88;921.79;956.36;988.12;1035.78;1072.40
21,Classical heuristic,870.1788933817137,1108.549489707149,158.43688448563927,1210.4569927553425,0.300212806975094,64.83286508281064,1.0,0.0,739.58;685.49;1144.79;881.28;999.94;1050.12;808.19;809.49;846.86;751.94;786.04;711.32;747.85;739.58;739.58;739.58;630.06;640.99;658.75;671.37;688.24;699.51;713.36;731.96;743.49;772.60;813.27;846.46;878.00;921.17;955.55;1002.78;1024.48;1062.89;1104.67;1146.22;1174.98;1208.21;1253.15;1283.35
21,Deterministic AHD,843.4665550897231,1091.7414819055962,165.9958389883878,1195.407648951712,0.41061280851606224,68.8032116634602,1.0273606007966634,0.0,706.15;646.30;1131.38;863.77;975.11;1034.32;779.80;786.75;820.38;715.94;762.43;671.32;721.48;706.15;706.15;706.15;590.06;600.99;618.75;631.37;648.24;659.51;673.36;692.46;713.19;748.81;791.87;825.67;857.50;901.47;936.50;984.55;1006.49;1045.43;1087.74;1130.30;1159.32;1193.11;1238.99;1269.40
21,MO AHD (no fuzzy risk),843.4665550897231,1091.7414819055962,165.9958389883878,1195.407648951712,0.9673250735090768,68.8032116634602,1.0273606007966634,0.0,706.15;646.30;1131.38;863.77;975.11;1034.32;779.80;786.75;820.38;715.94;762.43;671.32;721.48;706.15;706.15;706.15;590.06;600.99;618.75;631.37;648.24;659.51;673.36;692.46;713.19;748.81;791.87;825.67;857.50;901.47;936.50;984.55;1006.49;1045.43;1087.74;1130.30;1159.32;1193.11;1238.99;1269.40
21,C-R-EoH,833.9907549434978,956.8241799058728,81.77503717268478,1019.0634625179216,0.9718983661492607,47.55538873379605,0.9529437629311472,0.5002453334711784,779.58;725.49;981.38;837.05;898.22;913.73;806.75;809.98;827.75;770.73;800.46;751.32;785.21;779.58;779.58;779.58;670.06;680.99;698.75;711.37;728.24;739.51;753.36;771.96;783.49;799.52;816.75;830.27;843.00;860.59;874.60;893.82;902.60;918.17;937.14;965.99;988.29;1016.93;1059.64;1088.22
22,Classical heuristic,788.5016648418789,991.2874288280228,133.6659315311399,1106.181488266981,0.40909753798589626,62.59417368186739,1.0,0.0,684.28;679.06;969.73;746.29;666.25;779.74;803.78;648.90;722.38;879.64;712.32;689.82;679.98;684.28;684.28;684.28;585.81;597.02;612.46;628.72;639.80;654.00;662.35;676.91;688.96;715.47;742.29;773.58;810.32;840.48;872.14;898.37;945.00;974.26;1005.39;1032.46;1072.17;1105.05;1127.73;1164.31
22,Deterministic AHD,788.5016648418789,991.2874288280228,133.6659315311399,1106.181488266981,0.40909753798589626,62.59417368186739,1.0,0.0,684.28;679.06;969.73;746.29;666.25;779.74;803.78;648.90;722.38;879.64;712.32;689.82;679.98;684.28;684.28;684.28;585.81;597.02;612.46;628.72;639.80;654.00;662.35;676.91;688.96;715.47;742.29;773.58;810.32;840.48;872.14;898.37;945.00;974.26;1005.39;1032.46;1072.17;1105.05;1127.73;1164.31
22,MO AHD (no fuzzy risk),788.5016648418789,991.2874288280228,133.6659315311399,1106.181488266981,0.924428771017494,62.59417368186739,1.0,0.0,684.28;679.06;969.73;746.29;666.25;779.74;803.78;648.90;722.38;879.64;712.32;689.82;679.98;684.28;684.28;684.28;585.81;597.02;612.46;628.72;639.80;654.00;662.35;676.91;688.96;715.47;742.29;773.58;810.32;840.48;872.14;898.37;945.00;974.26;1005.39;1032.46;1072.17;1105.05;1127.73;1164.31
22,C-R-EoH,776.3663528198734,898.1874377671139,79.58315293171071,996.1814882669811,1.0945079262504234,50.967099766796856,0.9779460339790317,0.37828550704806446,724.28;707.06;874.70;749.96;704.89;768.76;776.59;688.90;738.09;811.86;737.76;727.88;719.98;724.28;724.28;724.28;625.81;637.02;652.46;668.72;679.80;694.00;702.35;716.91;728.96;744.90;756.74;769.43;784.13;796.19;808.86;819.35;848.24;869.33;896.20;922.46;962.17;995.05;1017.73;1054.31
23,Classical heuristic,907.0808956938112,1193.105302377559,187.85606568060032,1337.8931200329157,0.555487170241632,75.29992575906468,1.0,0.0,749.15;876.43;1046.12;852.94;760.19;1138.48;809.55;727.45;727.45;845.12;886.80;801.48;813.56;749.15;749.15;749.15;611.03;632.57;649.39;664.85;685.63;705.68;724.71;740.59;764.70;803.71;842.42;904.12;945.88;986.19;1025.49;1083.35;1126.16;1166.94;1210.73;1252.51;1303.12;1334.91;1394.61;1441.76
23,Deterministic AHD,887.9405422212179,1188.2662516413768,197.77680301064942,1335.2788353142578,0.5936236132616876,79.37859317501963,1.1144489395142165,0.11731523638360265,723.38;851.64;1046.01;817.28;769.84;1134.56;772.18;690.66;690.66;832.79;872.51;784.21;801.56;723.38;723.38;723.38;571.03;592.57;609.39;624.85;645.63;665.68;684.71;705.09;748.55;789.46;829.18;892.33;934.85;976.05;1016.15;1075.43;1118.91;1160.82;1205.19;1247.97;1299.77;1332.23;1393.17;1441.21
23,MO AHD (no fuzzy risk),887.9405422212179,1188.2662516413768,197.77680301064942,1335.2788353142578,0.9249370679065099,79.37859317501963,1.1144489395142165,0.11731523638360265,723.38;851.64;1046.01;817.28;769.84;1134.56;772.18;690.66;690.66;832.79;872.51;784.21;801.56;723.38;723.38;723.38;571.03;592.57;609.39;624.85;645.63;665.68;684.71;705.09;748.55;789.46;829.18;892.33;934.85;976.05;1016.15;1075.43;1118.91;1160.82;1205.19;1247.97;1299.77;1332.23;1393.17;1441.21
23,C-R-EoH,858.0375974344986,1011.1942625155306,100.3469178225507,1115.278835314258,0.9249370679065099,59.990104975773804,0.9795428039933615,0.5466516057199315,789.15;838.29;936.82;820.24;794.84;965.99;802.48;767.45;767.45;833.12;849.01;813.68;820.63;789.15;789.15;789.15;651.03;672.57;689.39;704.85;725.63;745.68;764.71;780.59;799.42;815.78;831.67;856.93;873.94;890.42;906.46;930.17;947.56;964.34;989.42;1027.97;1079.77;1112.23;1173.17;1221.21
24,Classical heuristic,947.0464189043184,1304.3594912395638,243.79031476737086,1453.3378844793513,0.03201188858882396,83.67220951794667,1.0,0.0,735.48;761.42;1182.88;1382.45;982.53;656.59;1224.96;772.34;1118.96;951.69;762.34;736.30;807.61;735.48;735.48;735.48;569.54;594.75;621.13;633.99;663.79;677.44;703.60;719.94;758.08;794.97;869.11;914.35;961.56;1002.90;1067.29;1115.33;1168.51;1234.14;1276.77;1349.54;1384.68;1451.04;1496.92;1570.50
24,Deterministic AHD,913.3090297010203,1275.7041688989007,247.78067055227575,1425.5930576034536,0.13947433056093603,87.64181562778295,1.0763948918739532,0.08452077719409307,697.31;719.66;1155.83;1355.41;947.54;616.59;1191.37;735.82;1089.54;922.27;729.10;696.30;774.36;697.31;697.31;697.31;529.54;554.75;581.13;593.99;623.79;637.44;663.60;679.94;726.55;763.62;838.07;883.69;931.22;972.72;1037.28;1085.78;1139.26;1205.27;1247.97;1321.15;1356.50;1423.29;1469.40;1543.39
24,MO AHD (no fuzzy risk),913.3090297010203,1275.7041688989007,247.78067055227575,1425.5930576034536,1.0167641568940693,87.64181562778295,1.0763948918739532,0.08452077719409307,697.31;719.66;1155.83;1355.41;947.54;616.59;1191.37;735.82;1089.54;922.27;729.10;696.30;774.36;697.31;697.31;697.31;529.54;554.75;581.13;593.99;623.79;637.44;663.60;679.94;726.55;763.62;838.07;883.69;931.22;972.72;1037.28;1085.78;1139.26;1205.27;1247.97;1321.15;1356.50;1423.29;1469.40;1543.39
24,C-R-EoH,895.0926441577716,1061.256632284747,115.36129729817613,1121.43498257352,1.017169237915774,54.80121279109464,1.0318200082499727,0.8567635905447507,815.48;802.66;1014.31;1111.48;917.16;736.28;1016.55;827.48;975.82;908.91;828.33;809.44;849.75;815.48;815.48;815.48;649.54;674.75;701.13;713.99;743.79;757.44;783.60;799.94;830.62;845.45;875.23;893.47;912.49;929.09;954.91;974.31;995.70;1022.11;1039.19;1068.46;1082.60;1119.60;1156.26;1219.95
25,Classical heuristic,725.332207485654,881.4906682172136,102.32275001023731,969.7114760125629,0.5774425621638476,51.10665064450517,1.0,0.0,657.58;598.70;682.28;617.66;748.36;627.64;891.62;647.53;622.45;706.48;650.44;700.05;640.01;657.58;657.58;657.58;577.60;591.64;599.66;609.59;621.76;631.86;642.56;650.74;665.54;678.52;696.17;723.02;741.73;772.64;791.68;821.14;838.46;870.42;887.82;916.32;946.76;968.71;988.68;1016.77
25,Deterministic AHD,715.0801431221043,858.6419350330041,93.35049388604905,950.7443298095045,0.7622737687603518,51.85635924468547,0.9585175271198055,0.0,657.58;598.70;678.04;617.66;730.88;627.64;865.69;647.53;622.45;686.73;650.44;683.90;640.01;657.58;657.58;657.58;577.60;591.64;599.66;609.59;621.76;631.86;642.56;650.74;663.76;672.30;681.80;698.42;715.79;746.20;764.84;793.83;810.91;844.09;863.00;893.69;926.14;949.65;971.54;1001.88
25,MO AHD (no fuzzy risk),715.0801431221043,858.6419350330041,93.35049388604905,950.7443298095045,0.7622737687603518,51.85635924468547,0.9585175271198055,0.0,657.58;598.70;678.04;617.66;730.88;627.64;865.69;647.53;622.45;686.73;650.44;683.90;640.01;657.58;657.58;657.58;577.60;591.64;599.66;609.59;621.76;631.86;642.56;650.74;663.76;672.30;681.80;698.42;715.79;746.20;764.84;793.83;810.91;844.09;863.00;893.69;926.14;949.65;971.54;1001.88
25,C-R-EoH,724.4305072856814,806.857215884287,55.0599733183778,847.8034104284189,0.7674357429930084,34.82911919711361,1.1176003561572023,1.1304061186930199,697.58;638.70;707.81;657.66;750.09;667.64;804.57;687.53;662.45;726.73;690.44;719.35;680.01;697.58;697.58;697.58;617.60;631.64;639.66;649.59;661.76;671.86;682.56;690.74;703.76;712.30;721.80;734.02;742.19;755.21;763.65;776.31;783.90;797.64;805.20;817.48;831.79;846.92;864.50;891.88
26,Classical heuristic,905.5523171692454,1210.2027160243365,202.67087056128554,1358.6026604138551,0.19685897045504838,73.16527070060822,1.0,0.0,750.01;1144.03;732.07;893.29;1248.05;647.53;734.66;741.47;748.23;1001.72;746.04;836.68;836.68;750.01;750.01;750.01;606.88;626.62;640.57;667.33;683.99;702.29;723.04;743.03;755.79;795.77;831.88;891.51;927.97;976.10;1014.73;1069.56;1121.45;1173.56;1209.23;1264.23;1297.34;1356.94;1390.13;1441.66
26,Deterministic AHD,897.9888148230915,1228.957000782823,222.15472570872348,1384.6377717698317,0.13936523615938243,78.45935403551226,1.0784129708380596,0.0,726.36;1159.05;684.43;910.60;1270.90;607.53;725.79;727.89;704.01;998.28;714.27;841.84;841.84;726.36;726.36;726.36;566.88;586.62;600.57;627.33;643.99;662.29;684.29;713.87;738.62;796.55;836.58;898.63;936.55;986.68;1026.78;1083.83;1137.91;1192.09;1229.22;1286.34;1320.84;1382.92;1417.33;1470.94
26,MO AHD (no fuzzy risk),897.9888148230915,1228.957000782823,222.15472570872348,1384.6377717698317,0.70632979027581,78.45935403551226,1.0784129708380596,0.0,726.36;1159.05;684.43;910.60;1270.90;607.53;725.79;727.89;704.01;998.28;714.27;841.84;841.84;726.36;726.36;726.36;566.88;586.62;600.57;627.33;643.99;662.29;684.29;713.87;738.62;796.55;836.58;898.63;936.55;986.68;1026.78;1083.83;1137.91;1192.09;1229.22;1286.34;1320.84;1382.92;1417.33;1470.94
26,C-R-EoH,866.1662126229257,1046.12176807045,118.8191514730353,1164.6377717698315,0.70632979027581,59.6165976109616,0.7389395905483909,0.0,790.01;1016.34;754.77;865.75;1065.33;687.53;771.89;780.45;778.79;899.08;783.17;836.74;836.74;790.01;790.01;790.01;646.88;666.62;680.57;707.33;723.99;742.29;763.04;783.03;795.45;818.62;834.63;859.45;874.62;894.67;910.71;933.53;961.57;1000.01;1026.84;1072.24;1102.74;1162.92;1197.33;1250.94
27,Classical heuristic,804.9638592601343,1025.5407574091184,147.98819060672622,1150.3583458765213,0.5696528564790148,65.32449036672058,1.0,0.0,690.70;860.54;735.60;614.71;653.81;633.70;903.44;659.14;791.78;940.34;775.07;756.35;705.27;690.70;690.70;690.70;586.98;600.47;613.55;628.42;638.29;653.34;666.71;679.69;703.54;731.50;768.66;807.45;839.17;866.64;899.70;929.70;973.89;1008.53;1049.67;1081.11;1108.28;1148.06;1193.93;1228.73
27,Deterministic AHD,804.9638592601343,1025.5407574091184,147.98819060672622,1150.3583458765213,0.5696528564790148,65.32449036672058,1.0,0.0,690.70;860.54;735.60;614.71;653.81;633.70;903.44;659.14;791.78;940.34;775.07;756.35;705.27;690.70;690.70;690.70;586.98;600.47;613.55;628.42;638.29;653.34;666.71;679.69;703.54;731.50;768.66;807.45;839.17;866.64;899.70;929.70;973.89;1008.53;1049.67;1081.11;1108.28;1148.06;1193.93;1228.73
27,MO AHD (no fuzzy risk),804.9638592601343,1025.5407574091184,147.98819060672622,1150.3583458765213,1.004778199660989,65.32449036672058,1.0,0.0,690.70;860.54;735.60;614.71;653.81;633.70;903.44;659.14;791.78;940.34;775.07;756.35;705.27;690.70;690.70;690.70;586.98;600.47;613.55;628.42;638.29;653.34;666.71;679.69;703.54;731.50;768.66;807.45;839.17;866.64;899.70;929.70;973.89;1008.53;1049.67;1081.11;1108.28;1148.06;1193.93;1228.73
27,C-R-EoH,810.6424786653254,913.6401097398892,70.70379942830156,963.3228625020482,1.0362997807946959,37.36368022390157,0.8646866559017802,0.3758299594413637,770.70;842.32;791.08;694.71;733.81;713.70;861.38;739.14;816.71;876.13;810.03;802.54;776.83;770.70;770.70;770.70;666.98;680.47;693.55;708.42;718.29;733.34;746.71;759.69;778.55;792.60;807.46;822.98;835.67;846.66;859.88;871.88;889.56;903.41;919.87;932.45;943.31;961.78;992.67;1018.35
28,Classical heuristic,987.2265694439305,1397.7724445742263,274.1604127836247,1548.9930403164992,0.23226142167580777,89.22678622686553,1.0,0.0,763.76;1006.26;702.64;1544.90;1384.45;798.91;1018.63;774.19;781.66;1168.28;817.33;773.20;788.57;763.76;763.76;763.76;570.74;597.95;615.75;649.10;679.56;697.31;729.29;748.29;782.95;830.80;881.12;948.59;999.06;1071.07;1131.59;1186.60;1249.31;1316.21;1383.84;1442.60;1499.64;1543.65;1626.84;1693.12
28,Deterministic AHD,999.5157991645916,1452.5126595341064,305.2702674787795,1610.0976669474135,0.09261377018333575,94.55513090311335,1.1102218269498394,0.010320938804866257,759.39;1012.55;662.64;1595.97;1442.94;765.26;1056.05;756.46;758.63;1215.09;823.54;753.48;788.40;759.39;759.39;759.39;530.74;557.95;575.75;609.10;639.56;657.31;692.65;725.48;798.33;857.21;911.60;981.77;1035.57;1110.34;1173.99;1231.87;1297.10;1366.81;1438.14;1500.49;1559.56;1605.76;1692.55;1762.38
28,MO AHD (no fuzzy risk),999.5157991645916,1452.5126595341064,305.2702674787795,1610.0976669474135,0.8589397496171115,94.55513090311335,1.1044349126460131,0.0,759.39;1012.55;662.64;1595.97;1442.94;765.26;1056.05;756.46;758.63;1215.09;823.54;753.48;788.40;759.39;759.39;759.39;530.74;557.95;575.75;609.10;639.56;657.31;692.65;725.48;798.33;857.21;911.60;981.77;1035.57;1110.34;1173.99;1231.87;1297.10;1366.81;1438.14;1500.49;1559.56;1605.76;1692.55;1762.38
28,C-R-EoH,945.4614449745528,1171.166824815227,150.15370157866977,1280.0976669474137,0.8732481979198705,70.80966518426519,0.9478427624644832,0.525909148371606,843.76;944.56;782.64;1274.86;1146.33;845.05;966.92;829.65;839.11;1026.04;869.42;839.60;855.36;843.76;843.76;843.76;650.74;677.95;695.75;729.10;759.56;777.31;809.29;828.29;859.33;882.89;904.64;932.71;954.23;984.14;1009.60;1032.75;1058.84;1086.72;1119.29;1170.49;1229.56;1275.76;1362.55;1432.38
29,Classical heuristic,758.195965275209,898.305815009054,95.65956390097702,975.8638586286568,0.5254693717815454,41.53164555029301,1.0,0.0,685.81;837.63;854.50;625.95;837.10;723.89;656.22;667.81;677.89;805.08;704.74;697.06;704.74;685.81;685.81;685.81;618.63;626.03;636.86;647.11;654.50;663.39;673.34;681.03;690.51;708.03;729.51;753.05;772.56;788.71;812.11;830.74;856.96;885.14;903.34;922.79;948.34;974.68;998.40;1016.26
29,Deterministic AHD,757.6137914064948,898.305815009054,96.12468328298311,975.8638586286568,0.5293699463866098,41.64040284400929,0.9919661205181872,0.0,685.81;837.63;854.50;625.95;837.10;728.32;656.22;667.81;677.89;805.08;697.78;697.06;697.78;685.81;685.81;685.81;618.63;626.03;636.86;647.11;654.50;663.39;673.34;681.03;690.20;703.40;723.42;750.30;772.55;788.71;812.11;830.74;856.96;885.14;903.34;922.79;948.34;974.68;998.40;1016.26
29,MO AHD (no fuzzy risk),757.6137914064948,898.305815009054,96.12468328298311,975.8638586286568,1.0482086472436598,41.64040284400929,0.9919661205181872,0.0,685.81;837.63;854.50;625.95;837.10;728.32;656.22;667.81;677.89;805.08;697.78;697.06;697.78;685.81;685.81;685.81;618.63;626.03;636.86;647.11;654.50;663.39;673.34;681.03;690.20;703.40;723.42;750.30;772.55;788.71;812.11;830.74;856.96;885.14;903.34;922.79;948.34;974.68;998.40;1016.26
29,C-R-EoH,755.1469821478202,826.5280858427692,49.70106352313252,868.1074348558028,1.1025,27.60424892817279,0.9179271658186589,0.32730788113236997,725.81;795.56;801.56;665.95;794.84;743.10;696.22;707.81;717.89;782.03;733.19;733.93;733.19;725.81;725.81;725.81;658.63;666.03;676.86;687.11;694.50;703.39;713.34;721.03;730.20;739.39;749.37;760.12;769.02;775.48;784.84;792.29;802.79;814.05;821.33;829.64;846.20;867.04;888.46;906.26
