seed,method,f1,f2,f3,p95,hv,ood_degradation,pack,buffer,scenario_costs
0,Classical heuristic,832.5692227610136,928.6408598970164,59.58459972652406,977.4885084819028,0.413815033348671,45.50908955163689,1.0,0.0,762.01;1022.45;775.23;751.68;814.98;967.47;712.16;747.14;796.66;772.94;811.44;794.14;751.79;762.01;762.01;762.01;953.42;962.47;879.91;796.79;838.72;814.22;894.41;991.91;851.89;840.32;777.61;784.15;829.67;835.98;853.22;931.22;795.51;809.60;763.02;841.39;858.59;976.73;845.27;810.62
0,Deterministic AHD,830.0102966377101,935.6039131866158,66.35499396065889,983.2511322612473,0.3818067256521848,47.81857769212198,1.078297987063009,0.06810455851809191,755.02;1036.36;761.35;740.16;812.03;973.52;675.77;720.50;796.94;756.85;816.11;796.42;724.64;755.02;755.02;755.02;961.96;970.33;885.37;795.06;840.14;816.77;901.63;1001.83;858.49;841.96;773.71;776.29;831.54;836.54;858.94;933.38;782.55;808.61;757.71;841.77;863.17;982.27;848.10;801.57
0,MO AHD (no fuzzy risk),796.6658082605089,853.0577295588059,33.9717502570171,882.6416509449995,1.083807803616398,40.19798560537668,0.8752685333525483,0.0,762.01;927.15;758.20;745.53;784.37;882.11;712.16;747.14;778.78;762.74;786.44;778.57;749.56;762.01;762.01;762.01;870.54;871.68;823.44;778.02;796.06;786.71;826.56;892.80;803.39;796.78;769.48;770.52;793.13;794.62;803.57;845.02;773.02;783.44;758.31;796.71;808.87;881.56;799.24;782.36
0,C-R-EoH,796.1334829304308,850.9933536610934,33.34008000315971,881.4183752485503,1.1025,40.29172734663465,0.9698783140001443,0.3413876130148323,762.01;928.05;758.20;745.53;784.37;873.49;712.16;747.14;778.78;762.74;786.44;778.57;749.56;762.01;762.01;762.01;863.38;864.95;819.57;778.02;796.06;786.71;829.06;893.87;803.39;796.78;769.48;770.52;793.13;795.67;803.57;842.14;773.02;783.44;758.31;796.71;808.87;880.76;804.20;780.63
1,Classical heuristic,838.7014461934959,974.988637770236,92.81572259864916,1026.880307644481,0.1719623823232476,62.02052823388922,1.0,0.0,740.87;636.68;842.63;1113.51;946.59;876.84;675.16;809.55;776.82;688.78;762.51;724.15;741.88;740.87;740.87;740.87;790.04;883.22;828.41;886.88;845.52;1038.24;1019.75;876.84;743.30;931.78;893.38;856.71;805.94;861.84;834.44;1026.28;985.44;952.52;735.92;971.93;704.31;696.35;923.10;897.34
1,Deterministic AHD,810.5473189607529,952.3351746954321,98.15709425968092,1002.6187261714847,0.36754971731464514,65.39157490759922,1.12,0.2277949967923892,705.68;596.68;814.38;1087.75;921.39;856.71;635.16;785.03;748.50;648.78;731.19;684.66;705.75;705.68;705.68;705.68;766.35;863.56;804.84;863.99;821.20;1016.88;996.76;851.28;705.65;910.10;871.65;831.68;785.33;840.06;813.73;1001.87;965.68;927.62;695.92;951.81;664.31;656.35;899.19;877.32
1,MO AHD (no fuzzy risk),858.5141525337134,920.9340698781726,45.06969866266712,941.0474904685939,0.5023537176860615,27.912391084995686,0.6978836388220564,0.192512755111006,820.87;716.68;862.37;975.10;908.56;879.98;755.16;851.99;836.87;768.78;828.93;804.15;817.82;820.87;820.87;820.87;846.54;885.43;861.94;885.60;868.48;946.75;938.70;880.51;818.53;904.04;888.66;872.67;852.60;875.02;865.49;940.75;926.27;911.05;809.66;920.72;784.31;776.35;899.68;890.93
1,C-R-EoH,786.7505259157017,866.4967143647092,52.78603840335469,900.2928848827422,1.1025,56.412602936393085,0.9722972034059961,0.2811497834359532,740.87;636.68;796.28;987.16;842.42;807.50;675.16;771.99;756.87;688.78;748.93;724.15;737.82;740.87;740.87;740.87;766.54;805.43;781.94;805.60;788.48;912.16;888.55;800.51;738.53;835.69;817.31;793.95;772.60;795.02;785.49;899.67;871.76;843.34;729.66;859.72;704.31;696.35;819.68;820.50
2,Classical heuristic,830.4382937964199,931.0106912871596,64.96936225631353,951.0901110616032,0.12019440418479461,36.46109273329248,1.0,0.0,744.34;771.37;975.86;1098.16;917.69;778.24;949.79;915.35;773.09;773.09;817.64;754.63;730.88;744.34;744.34;744.34;810.79;908.82;843.33;823.66;917.86;928.32;836.42;899.28;900.48;782.67;706.01;890.21;804.16;767.49;870.32;843.08;843.10;833.56;800.24;753.49;816.50;847.18;698.51;858.92
2,Deterministic AHD,806.4826142658907,912.1189925513313,69.4553154080231,933.8733145136216,0.3146016791599833,38.58929932935915,1.0244928467002252,0.0061317907150771345,714.05;736.51;958.16;1082.47;895.63;745.64;932.59;896.66;750.73;750.73;797.45;730.79;695.18;714.05;714.05;714.05;779.57;889.25;823.73;802.11;897.12;909.27;814.88;881.56;881.25;761.99;670.22;871.07;782.72;733.14;850.39;824.62;825.95;814.85;780.94;720.63;793.98;826.40;658.51;836.41
2,MO AHD (no fuzzy risk),860.442351436535,904.8475970205324,29.845386094836282,913.5493258054488,1.0511616259483354,14.738569886388067,0.6674558413380314,0.11945098523671774,824.34;826.74;923.26;972.99;898.25;833.36;913.04;898.66;840.29;840.29;858.98;832.32;810.83;824.34;824.34;824.34;851.83;895.70;869.49;860.84;898.85;903.71;865.95;892.62;892.50;844.80;785.34;888.43;851.37;830.89;880.16;869.85;870.38;865.94;852.38;819.07;857.59;870.56;778.51;874.57
2,C-R-EoH,786.3960017660262,839.2743015245101,35.10770051325567,842.608803500268,1.1025,28.64385567475885,1.0623353787524565,0.7422478362191804,744.34;751.64;861.76;972.47;825.02;753.36;841.60;824.04;760.29;760.29;778.98;752.32;730.83;744.34;744.34;744.34;776.41;819.89;789.57;787.65;839.93;828.33;791.72;821.37;819.32;764.80;705.34;811.99;771.41;750.89;805.56;792.67;803.68;798.09;772.38;740.70;780.26;795.95;698.51;799.44
3,Classical heuristic,807.7997448576476,937.6162968139928,89.72743621461001,984.6497596621116,0.5642257177151448,67.91859490643384,1.0,0.0,687.74;837.12;962.84;960.44;942.03;858.48;785.34;677.59;711.78;779.70;709.53;693.03;675.53;687.74;687.74;687.74;877.49;883.04;611.29;803.93;762.93;661.90;727.13;864.66;859.58;917.87;743.06;808.44;822.76;741.01;841.72;1060.58;773.02;753.73;935.10;999.68;983.86;809.71;863.81;861.34
3,Deterministic AHD,806.1161630787107,937.4277866132383,91.09884096498321,984.6497596621116,0.570541774506048,68.26929459424244,0.988173561145037,0.0,687.74;837.12;962.84;960.44;942.03;857.32;784.91;669.26;712.60;770.05;708.98;690.24;675.53;687.74;687.74;687.74;875.22;883.04;611.29;799.40;761.61;661.90;723.72;864.66;859.58;917.87;733.96;808.44;822.76;740.92;841.72;1060.58;761.30;743.69;935.10;999.68;983.86;806.88;863.81;861.34
3,MO AHD (no fuzzy risk),786.4441143135592,862.5690368702066,50.762896288802395,909.722060061028,1.0780814660850293,58.491361119876714,0.8210166910876424,0.0,727.74;814.55;909.48;877.21;864.51;807.15;769.29;706.82;738.89;768.02;739.30;728.39;715.53;727.74;727.74;727.74;820.03;813.22;651.29;778.17;763.84;701.90;744.73;805.86;804.48;830.00;752.66;783.38;789.11;751.54;802.98;965.80;753.17;747.41;851.03;914.39;876.72;781.21;813.88;810.84
3,C-R-EoH,785.2818013015694,859.5336609330562,49.53983264900198,900.2858457363811,1.1025,58.72594769887587,0.8887946024393983,0.12587049053528251,727.74;805.10;900.03;876.54;867.28;807.15;769.29;706.82;738.89;768.02;739.30;728.39;715.53;727.74;727.74;727.74;812.56;813.22;651.29;777.07;763.84;701.90;744.73;805.86;803.88;830.72;752.66;783.38;789.11;751.54;802.98;960.22;753.17;747.41;850.90;905.20;878.87;781.21;811.72;804.53
4,Classical heuristic,954.274858828627,1130.5649841721988,121.34919234961622,1195.677066606386,0.5481693741018968,78.7061167573742,1.0,0.0,796.07;1194.35;880.61;801.61;1014.28;1030.20;1220.87;990.65;731.03;1113.28;850.17;859.65;855.40;796.07;796.07;796.07;759.08;1111.81;788.17;822.93;1032.81;1046.28;885.45;1267.46;1033.62;799.37;1024.67;1007.26;867.67;1160.38;920.17;1148.76;898.08;958.97;940.40;896.32;1107.04;1130.11;872.40;965.40
4,Deterministic AHD,950.9435364319776,1126.915378818465,120.94866201068604,1195.6770666063858,0.5779078107518277,79.33215570328868,1.0440060938487477,0.13843776577555436,796.07;1194.35;880.39;786.27;1009.33;1023.98;1220.87;984.49;731.03;1108.00;845.89;857.81;851.21;796.07;796.07;796.07;759.08;1106.11;788.17;827.13;1028.77;1040.95;880.96;1267.46;1029.34;799.37;1024.67;1007.75;864.37;1155.77;915.91;1142.90;894.24;953.57;930.35;885.01;1101.38;1127.08;869.37;960.12
4,MO AHD (no fuzzy risk),943.5875940479634,1121.1628360444151,118.37058998090046,1195.677066606386,1.0198341924403551,80.7301785400402,1.12,0.3009794391918537,796.07;1194.35;883.54;802.85;977.68;1007.48;1220.87;973.12;731.03;1102.66;836.93;843.71;842.33;796.07;796.07;796.07;759.08;1097.62;788.17;819.96;1014.53;1024.67;872.06;1267.46;1028.97;786.48;1024.67;981.62;860.49;1154.24;898.85;1129.24;878.22;936.92;920.35;884.66;1082.11;1127.08;866.99;938.21
4,C-R-EoH,950.6579157712462,1038.7603944521616,60.52196679074018,1088.1633297661303,1.0952625747695346,56.24416719862124,0.9341300256849276,0.509137611920133,876.07;1099.24;919.06;863.50;971.59;984.22;1087.58;971.43;811.03;1025.06;901.80;910.85;910.47;876.07;876.07;876.07;839.08;1021.86;863.29;881.21;989.73;988.20;918.27;1101.98;995.59;860.61;993.87;979.31;913.65;1062.85;940.28;1035.70;927.11;953.78;940.17;928.24;1016.85;1034.83;920.47;959.28
5,Classical heuristic,791.6656720989591,901.258308943978,70.52576858694434,975.3285820468387,0.48552866562147495,59.137041352590884,1.0,0.0,692.42;794.69;714.54;804.40;863.30;773.93;816.90;834.32;766.70;744.99;717.67;708.29;745.82;692.42;692.42;692.42;743.58;810.21;726.26;723.93;893.74;897.06;790.03;1011.30;835.05;976.82;715.80;769.15;710.63;975.25;854.34;763.60;845.70;898.47;699.69;783.11;700.89;929.76;729.51;827.53
5,Deterministic AHD,792.2172792946797,901.3281995317926,70.1869068108193,975.3285820468388,0.4825346757295944,59.026236981858275,0.9977767931492916,0.0,692.42;794.69;719.59;806.17;863.30;775.00;816.90;834.32;769.12;747.42;717.67;709.70;745.82;692.42;692.42;692.42;743.58;810.21;728.22;725.95;893.74;897.06;790.03;1011.30;835.05;976.82;715.38;772.43;710.63;975.25;855.18;762.06;845.70;898.47;699.69;783.11;700.64;929.76;731.53;827.53
5,MO AHD (no fuzzy risk),792.2172792946797,901.3281995317926,70.1869068108193,975.3285820468388,0.4825346757295944,59.026236981858275,0.9977767931492916,0.0,692.42;794.69;719.59;806.17;863.30;775.00;816.90;834.32;769.12;747.42;717.67;709.70;745.82;692.42;692.42;692.42;743.58;810.21;728.22;725.95;893.74;897.06;790.03;1011.30;835.05;976.82;715.38;772.43;710.63;975.25;855.18;762.06;845.70;898.47;699.69;783.11;700.64;929.76;731.53;827.53
5,C-R-EoH,775.9090602134216,831.9838040723374,35.170092733210765,873.9733066537383,1.1025,48.191764594953156,1.0563006713305183,0.5207314047894209,732.42;773.96;715.90;778.79;806.79;766.01;780.26;796.30;761.19;751.29;743.62;740.45;758.33;732.42;732.42;732.42;749.71;784.08;737.25;744.74;824.47;821.42;771.18;906.59;792.87;874.10;740.42;761.25;731.43;873.97;811.76;760.87;801.15;835.13;729.56;773.24;731.82;839.27;746.52;791.01
6,Classical heuristic,872.4726980028365,1020.8703725818768,90.83360959389684,1084.2396417018247,0.6507901446041886,76.27145862058309,1.0,0.0,741.27;836.63;845.05;781.99;637.12;915.32;1195.04;1038.99;850.78;751.78;833.70;853.34;756.05;741.27;741.27;741.27;853.48;1050.38;914.82;760.32;803.32;835.26;880.84;1119.50;991.40;1082.38;800.51;761.52;795.82;858.85;900.00;910.73;870.25;998.69;867.03;834.49;983.95;851.10;1049.24;864.13
6,Deterministic AHD,846.6246332442563,999.516050016263,94.35927600708175,1063.3615269624513,0.7581398622917904,80.07575937141443,1.12,0.19094209331831613,707.09;812.98;823.18;739.69;597.12;888.99;1177.81;1019.60;828.59;717.94;812.14;831.79;720.15;707.09;707.09;707.09;829.81;1031.25;892.66;730.81;771.82;811.33;857.39;1099.74;968.33;1061.45;778.62;723.72;769.94;839.99;882.49;884.54;852.48;978.19;836.72;807.14;962.34;823.03;1029.29;843.57
6,MO AHD (no fuzzy risk),846.6246332442563,999.516050016263,94.35927600708175,1063.3615269624513,0.7581398622917904,80.07575937141443,1.12,0.19094209331831613,707.09;812.98;823.18;739.69;597.12;888.99;1177.81;1019.60;828.59;717.94;812.14;831.79;720.15;707.09;707.09;707.09;829.81;1031.25;892.66;730.81;771.82;811.33;857.39;1099.74;968.33;1061.45;778.62;723.72;769.94;839.99;882.49;884.54;852.48;978.19;836.72;807.14;962.34;823.03;1029.29;843.57
6,C-R-EoH,837.2701891705917,903.0100724117871,40.747083938354926,927.519558446029,1.1006268544142248,55.82197825960093,0.9203342184913187,0.45808931135359676,781.27;819.80;838.04;789.60;677.12;857.95;991.86;907.84;831.44;776.85;824.86;832.71;788.06;781.27;781.27;781.27;831.92;912.50;857.06;789.29;808.73;824.53;842.96;946.23;889.47;926.53;810.01;782.04;807.98;836.99;853.00;853.82;840.99;891.28;834.69;821.36;884.94;829.21;916.64;837.43
7,Classical heuristic,763.9946630522052,854.2650873320995,62.70111802971994,865.6149152397693,0.868162974726205,51.918490480544655,1.0,0.0,682.53;940.44;801.31;813.29;714.77;815.30;716.07;757.60;681.90;757.60;683.06;701.66;705.59;682.53;682.53;682.53;777.60;685.34;861.68;722.29;786.01;819.27;849.80;815.34;656.50;808.71;654.51;759.20;848.36;781.01;750.98;809.87;856.37;859.69;771.02;689.29;793.07;712.81;961.77;710.58
7,Deterministic AHD,763.9946630522052,854.2650873320995,62.70111802971994,865.6149152397693,0.868162974726205,51.918490480544655,1.0,0.0,682.53;940.44;801.31;813.29;714.77;815.30;716.07;757.60;681.90;757.60;683.06;701.66;705.59;682.53;682.53;682.53;777.60;685.34;861.68;722.29;786.01;819.27;849.80;815.34;656.50;808.71;654.51;759.20;848.36;781.01;750.98;809.87;856.37;859.69;771.02;689.29;793.07;712.81;961.77;710.58
7,MO AHD (no fuzzy risk),799.310244335544,841.114037785114,30.181111600641053,846.2459660959078,1.0875191547125331,23.013556291579732,0.7398182692986055,0.15791507853163647,762.53;876.18;806.03;821.55;765.76;823.30;778.66;800.89;756.67;800.89;760.51;774.46;778.46;762.53;762.53;762.53;811.04;758.29;844.67;780.41;814.41;827.71;839.92;823.69;736.50;823.49;734.51;802.22;839.34;812.40;796.56;823.95;842.55;843.87;808.41;764.48;817.23;774.19;884.71;774.36
7,C-R-EoH,760.5317858021608,804.1169193204715,31.28049892059612,807.2252569228274,1.1025,38.14664673780534,0.8611574211738696,0.11621479690788053,722.53;855.76;778.86;781.55;725.76;784.96;738.66;760.89;716.67;760.89;720.51;734.46;738.46;722.53;722.53;722.53;771.04;718.29;804.67;740.41;774.41;787.71;799.92;783.69;696.50;783.49;694.51;762.22;799.34;772.40;756.56;783.95;802.55;803.87;768.41;724.48;777.23;734.19;859.49;734.36
8,Classical heuristic,722.8158532017095,798.4994887777963,49.201375857391625,848.7417666800945,0.6962757016538391,34.928671443693226,1.0,0.0,653.76;814.28;796.18;863.82;848.91;747.62;741.15;717.52;676.97;694.52;681.88;666.26;675.98;653.76;653.76;653.76;675.16;745.61;710.21;692.91;835.29;707.09;684.07;757.01;848.73;657.58;751.68;743.53;743.02;686.41;685.99;692.02;706.76;812.21;668.09;713.09;739.39;667.66;688.33;760.65
8,Deterministic AHD,722.8158532017095,798.4994887777963,49.201375857391625,848.7417666800945,0.6962757016538391,34.928671443693226,1.0,0.0,653.76;814.28;796.18;863.82;848.91;747.62;741.15;717.52;676.97;694.52;681.88;666.26;675.98;653.76;653.76;653.76;675.16;745.61;710.21;692.91;835.29;707.09;684.07;757.01;848.73;657.58;751.68;743.53;743.02;686.41;685.99;692.02;706.76;812.21;668.09;713.09;739.39;667.66;688.33;760.65
8,MO AHD (no fuzzy risk),697.1902188070532,753.7053666778647,34.70224295163712,799.5901239453372,1.1018939187717212,34.42691666011681,0.910828634250407,0.0,653.76;766.35;750.78;812.75;799.78;733.78;700.03;685.00;666.52;671.74;668.75;660.38;662.74;653.76;653.76;653.76;666.59;707.51;681.89;677.14;786.14;687.86;667.62;711.79;799.58;650.32;702.97;702.26;704.37;670.76;669.86;668.70;691.61;757.97;655.49;689.81;699.37;660.02;670.67;713.66
8,C-R-EoH,695.9364630060644,751.6029431796959,33.8958293412404,799.5901239453372,1.1025,34.669091823412124,1.0430485114698507,0.4759873724987409,653.76;760.23;746.92;813.03;799.78;719.10;695.71;686.59;666.52;674.82;668.75;660.38;662.74;653.76;653.76;653.76;664.80;705.74;682.53;676.06;786.14;681.65;667.34;710.68;799.58;650.32;704.22;697.57;710.74;670.76;669.86;668.70;689.17;760.23;655.49;683.29;695.26;660.02;670.62;707.07
9,Classical heuristic,926.0519351366368,1075.7849836936737,98.808974213819,1120.5731248180448,0.28797887055905663,67.58291763154199,1.0,0.0,780.30;1011.35;1011.35;774.35;912.62;922.82;1112.48;876.47;864.17;881.27;743.85;880.61;939.24;780.30;780.30;780.30;1185.89;974.02;1117.14;895.28;942.47;1252.24;964.15;1056.50;930.03;1110.33;1011.16;927.45;1014.60;767.54;801.74;1024.95;938.16;947.74;950.59;820.50;1001.42;762.24;823.33;770.82
9,Deterministic AHD,926.0519351366368,1075.7849836936737,98.808974213819,1120.5731248180448,0.28797887055905663,67.58291763154199,1.0,0.0,780.30;1011.35;1011.35;774.35;912.62;922.82;1112.48;876.47;864.17;881.27;743.85;880.61;939.24;780.30;780.30;780.30;1185.89;974.02;1117.14;895.28;942.47;1252.24;964.15;1056.50;930.03;1110.33;1011.16;927.45;1014.60;767.54;801.74;1024.95;938.16;947.74;950.59;820.50;1001.42;762.24;823.33;770.82
9,MO AHD (no fuzzy risk),881.7354995707494,1019.2179686412381,85.03336476092196,1059.4968432269482,0.7874309916703414,72.21680193373045,0.9082358163332498,0.0,780.30;969.00;969.00;752.06;845.49;856.10;1039.61;823.13;811.88;831.94;743.85;828.57;868.24;780.30;780.30;780.30;1130.70;898.01;1055.75;851.55;872.73;1198.39;889.42;1014.81;880.50;1048.58;943.14;869.52;972.39;759.74;781.39;952.56;897.99;876.10;892.39;788.31;936.68;754.77;790.94;752.97
9,C-R-EoH,885.6928710067186,968.2381938763887,53.3475528022293,990.8042853504941,1.0901434820207554,59.02766353693074,1.0245697826978906,0.5543791376971392,820.30;934.34;934.34;789.62;870.58;873.92;983.70;858.64;851.06;863.44;783.85;864.92;891.30;820.30;820.30;820.30;1025.53;902.88;988.98;869.21;892.64;1110.20;907.97;973.57;883.60;963.43;926.05;885.97;935.77;799.74;818.82;927.10;890.84;892.67;897.67;824.61;915.85;794.77;825.96;792.97
10,Classical heuristic,859.791793507606,982.2229584159426,79.63883713689181,1047.0709731438756,0.41432403477274604,57.96922600328781,1.0,0.0,750.39;864.25;845.98;941.79;855.90;1003.29;949.58;770.29;836.52;900.32;764.26;773.01;746.10;750.39;750.39;750.39;855.24;777.47;950.95;864.20;777.42;846.53;904.31;763.64;1095.79;1100.34;843.99;847.13;781.81;921.83;928.87;901.00;1002.05;943.38;806.16;797.78;1044.51;782.03;709.58;892.80
10,Deterministic AHD,849.1636449387595,987.4731055396719,91.32529661434094,1057.9791163662117,0.41545498299921785,61.763740278680196,1.0309910020598085,0.0,727.80;838.69;815.73;932.54;837.66;1010.67;952.13;738.27;826.98;904.72;738.39;751.19;722.18;727.80;727.80;727.80;856.13;761.54;957.07;866.26;773.92;833.21;894.03;751.78;1105.34;1113.32;824.01;820.45;754.74;929.11;927.80;902.62;1007.84;953.66;793.66;773.58;1055.49;765.20;671.88;893.57
10,MO AHD (no fuzzy risk),820.4014852972665,909.3078974022536,56.63018030308251,960.0192495399419,1.003774719430898,54.02688754053616,0.8560858331726028,0.0,750.39;826.34;812.10;885.80;810.18;927.54;895.17;757.01;794.51;845.57;752.15;758.84;745.47;750.39;750.39;750.39;807.20;763.65;863.80;816.12;769.57;800.16;832.23;751.56;996.74;1013.85;811.94;810.65;761.06;855.88;861.43;847.75;920.68;884.98;782.83;778.07;958.09;762.81;709.58;843.19
10,C-R-EoH,837.2740858236363,895.9733059148192,38.746064467839254,923.1916465464847,1.0967658725730043,37.95155946343869,1.0495356182826858,0.9263278663712782,790.39;824.18;814.05;878.63;832.01;904.27;879.75;788.84;830.06;861.89;792.15;798.84;785.47;790.39;790.39;790.39;839.39;803.65;882.83;842.64;809.57;833.28;857.61;791.56;942.14;952.62;825.41;819.78;793.03;871.64;871.12;859.84;903.14;881.46;817.46;809.07;922.19;802.81;749.58;857.43
11,Classical heuristic,783.1784536665855,895.0980936802425,80.43165816929059,943.553173804597,0.7605124181905807,49.930431107703384,1.0,0.0,683.41;942.49;859.57;878.71;964.35;630.11;666.74;869.14;879.35;784.65;724.37;718.80;736.06;683.41;683.41;683.41;723.78;717.82;629.94;815.52;701.17;750.60;876.90;846.99;846.00;787.61;647.57;816.69;783.07;757.96;963.84;865.23;833.40;812.10;930.26;835.05;656.68;769.99;864.37;706.63
11,Deterministic AHD,782.9044387658525,895.9113013838296,81.13528499529848,943.5531738045971,0.7578287050402776,49.98290644206423,0.9768562015197872,0.0,683.41;942.49;862.42;885.62;964.35;630.11;673.36;869.14;879.35;784.40;727.73;718.00;733.63;683.41;683.41;683.41;722.08;714.73;629.94;818.85;699.29;743.79;876.90;846.99;846.00;787.61;647.46;816.69;783.07;749.82;963.84;865.23;841.19;799.89;930.26;835.05;656.68;768.75;864.37;703.48
11,MO AHD (no fuzzy risk),782.9044387658525,895.9113013838296,81.13528499529848,943.5531738045971,0.7578287050402776,49.98290644206423,0.9768562015197872,0.0,683.41;942.49;862.42;885.62;964.35;630.11;673.36;869.14;879.35;784.40;727.73;718.00;733.63;683.41;683.41;683.41;722.08;714.73;629.94;818.85;699.29;743.79;876.90;846.99;846.00;787.61;647.46;816.69;783.07;749.82;963.84;865.23;841.19;799.89;930.26;835.05;656.68;768.75;864.37;703.48
11,C-R-EoH,770.7194809602946,829.8050145405826,42.73373157581962,861.7108949430441,1.1025,38.081735081999604,0.9402547785060932,0.37654713841212184,723.41;876.87;808.64;824.03;860.91;670.11;706.74;807.66;811.74;773.09;748.87;743.97;751.81;723.41;723.41;723.41;740.05;743.43;669.94;786.21;727.26;756.33;810.76;803.25;798.40;775.34;687.46;789.27;773.23;755.80;885.90;814.57;800.17;785.49;842.56;800.93;696.68;765.87;810.76;731.03
12,Classical heuristic,867.0756824726919,1017.6055129589519,101.6413538791511,1075.2541003650676,0.14122279138144814,71.84093798857397,1.0,0.0,738.68;727.53;1189.30;1189.30;756.27;756.27;893.81;916.51;838.73;863.43;768.92;757.55;729.58;738.68;738.68;738.68;839.56;815.09;820.56;962.59;1014.80;700.05;925.10;916.55;1069.25;1020.59;715.34;787.87;997.98;992.34;915.10;942.28;811.38;860.10;777.27;983.41;918.18;868.78;762.63;924.34
12,Deterministic AHD,839.5528907685897,998.1531403277409,107.14231796918662,1057.8518249397468,0.30625641578340485,76.13031605435927,1.0674375974207804,0.10474401940458335,701.98;707.84;1175.40;1175.40;723.88;723.88;859.10;896.88;804.45;829.15;742.30;728.13;689.58;701.98;701.98;701.98;804.19;781.92;788.34;940.39;990.78;660.05;904.64;891.56;1051.67;1004.03;678.74;755.26;975.78;969.46;895.61;927.69;790.58;828.65;756.34;962.19;894.26;835.53;730.12;900.41
12,MO AHD (no fuzzy risk),839.5528907685897,998.1531403277409,107.14231796918662,1057.8518249397468,0.30625641578340485,76.13031605435927,1.0674375974207804,0.10474401940458335,701.98;707.84;1175.40;1175.40;723.88;723.88;859.10;896.88;804.45;829.15;742.30;728.13;689.58;701.98;701.98;701.98;804.19;781.92;788.34;940.39;990.78;660.05;904.64;891.56;1051.67;1004.03;678.74;755.26;975.78;969.46;895.61;927.69;790.58;828.65;756.34;962.19;894.26;835.53;730.12;900.41
12,C-R-EoH,811.4517619880168,912.5748662932251,65.0348567081144,953.3129904462054,1.0939162370774158,68.67387860505247,0.8564939144954611,0.0,738.68;727.53;1070.43;1070.43;737.81;737.81;816.53;830.63;778.85;797.57;756.56;750.24;729.58;738.68;738.68;738.68;781.97;769.21;774.24;869.50;896.01;700.05;834.83;835.60;947.15;919.59;707.84;761.71;891.15;871.82;832.73;862.77;776.23;796.65;773.13;879.39;829.77;801.63;749.38;837.06
13,Classical heuristic,907.8433744937975,1091.8874338394041,118.06871624163955,1156.5290338135774,0.30122014897633853,70.66529153187717,1.0,0.0,767.72;782.08;892.28;1048.88;843.69;1053.78;687.76;860.32;972.85;1075.83;807.78;881.44;865.00;767.72;767.72;767.72;1069.69;1211.87;808.25;960.82;880.32;808.31;778.25;843.13;816.13;873.52;1221.88;1153.62;762.63;845.31;963.08;1122.20;864.55;947.31;1053.55;913.01;754.73;700.51;1113.39;1005.13
13,Deterministic AHD,869.9576116353059,1027.3017871411312,99.0296637425679,1096.496832458203,0.726205977626847,71.77313315970609,0.9091742487032327,0.0,767.72;750.65;843.62;1007.82;816.57;978.33;687.76;820.22;910.44;1007.63;791.45;824.62;815.64;767.72;767.72;767.72;1002.26;1149.07;786.23;901.44;846.07;789.73;765.88;804.50;785.57;834.73;1154.20;1093.73;756.21;815.79;902.05;1038.37;837.03;887.67;983.28;881.14;754.73;700.51;1058.38;944.10
13,MO AHD (no fuzzy risk),870.5569063442402,1027.9306224032514,98.79981291322645,1096.496832458203,0.7373717765144517,71.65488387687404,0.9026419506716792,0.030486409636175056,767.72;759.34;847.94;1005.55;823.43;979.84;687.76;817.38;909.36;1007.63;791.45;823.45;815.67;767.72;767.72;767.72;1005.49;1149.07;783.93;903.34;841.55;788.03;765.88;804.50;780.57;843.94;1154.20;1093.73;758.97;824.28;902.05;1029.22;833.19;885.91;984.85;878.44;754.73;700.51;1064.71;951.51
13,C-R-EoH,870.5503244366464,962.825348043415,58.58248133547338,988.8567215428152,1.0960280755372696,59.01973529550426,1.054160820551069,0.673012590065983,807.72;790.65;869.62;966.28;839.05;941.78;727.76;846.44;901.20;942.15;831.45;857.72;854.46;807.72;807.72;807.72;942.09;1037.29;823.34;890.46;861.94;823.49;810.03;844.50;820.57;857.99;1040.49;986.31;796.21;845.70;896.40;980.87;854.52;881.80;934.24;877.89;794.73;740.51;969.03;912.18
14,Classical heuristic,910.6619046883374,1049.598221463865,96.67139749768323,1089.9073490644373,0.5264763808857726,69.62616555736045,1.0,0.0,786.63;1134.39;1087.57;799.40;884.32;862.57;776.01;771.67;999.13;736.03;854.04;823.87;852.24;786.63;786.63;786.63;979.80;888.17;921.79;949.06;961.90;1025.13;985.26;809.24;870.09;859.90;927.84;1026.59;797.87;1071.72;735.14;987.43;957.56;1065.15;812.74;1147.40;1085.61;914.18;976.90;942.27
14,Deterministic AHD,910.6619046883374,1049.598221463865,96.67139749768323,1089.9073490644373,0.5264763808857726,69.62616555736045,1.0,0.0,786.63;1134.39;1087.57;799.40;884.32;862.57;776.01;771.67;999.13;736.03;854.04;823.87;852.24;786.63;786.63;786.63;979.80;888.17;921.79;949.06;961.90;1025.13;985.26;809.24;870.09;859.90;927.84;1026.59;797.87;1071.72;735.14;987.43;957.56;1065.15;812.74;1147.40;1085.61;914.18;976.90;942.27
14,MO AHD (no fuzzy risk),883.5122302500649,1012.1828973580035,84.86091342267085,1079.7090868754049,0.8239524966949219,73.29378349118316,0.9385391705527193,0.02069436507962187,786.63;1108.79;1078.18;774.25;835.11;821.10;795.10;759.65;954.09;736.03;826.54;802.47;829.25;786.63;786.63;786.63;922.15;856.41;892.74;912.45;915.68;974.99;942.32;819.43;836.14;834.96;895.48;981.69;773.32;1033.88;735.14;946.84;901.36;1027.03;796.93;1109.42;1035.66;878.20;953.30;897.89
14,C-R-EoH,884.8412709472943,965.1626225472052,53.93372964348996,1011.774871328585,1.0993869923110322,60.601886244105515,0.8675239756122087,0.19106243693422462,826.63;1011.10;1024.53;809.73;855.00;854.93;816.01;799.65;922.72;776.03;861.02;842.47;860.87;826.63;826.63;826.63;920.95;859.97;891.14;897.16;907.55;939.24;927.37;836.06;861.71;854.90;894.32;936.68;812.03;981.28;775.14;933.87;902.13;973.64;836.93;1030.09;980.49;884.04;916.93;899.47
15,Classical heuristic,825.8065159632046,953.1289906766316,82.28209844426638,986.9947751116118,0.5271096490448673,52.582559382886785,1.0,0.0,741.36;746.11;1154.18;787.59;849.14;736.09;667.49;886.02;726.15;753.45;722.41;788.51;776.66;741.36;741.36;741.36;773.06;840.37;724.43;772.68;823.64;945.70;931.54;916.42;797.66;737.33;920.75;857.06;959.64;730.02;770.35;798.57;844.69;942.56;1020.50;750.24;855.55;885.13;985.23;889.88
15,Deterministic AHD,801.2449723906561,934.3003907522897,86.9280087962864,969.020746129643,0.676042546542396,55.56211726274506,1.12,0.26556945062852577,710.27;711.99;1139.18;782.20;836.16;703.62;627.49;864.57;689.82;721.61;682.41;763.52;753.44;710.27;710.27;710.27;749.28;815.76;692.48;745.11;791.57;926.05;914.39;899.40;781.77;703.22;901.23;835.55;939.56;696.40;747.96;780.13;826.63;921.55;1002.67;724.97;834.02;865.15;967.25;870.60
15,MO AHD (no fuzzy risk),783.8258576399182,857.0407214345591,46.83308459416425,877.808740527026,1.1025,45.0222548047255,0.949708410006399,0.3044726092719386,741.36;733.63;1029.18;768.72;802.12;722.06;667.49;806.65;726.15;740.67;722.41;765.41;760.14;741.36;741.36;741.36;759.15;791.61;718.87;756.02;777.55;844.55;854.72;837.58;773.89;733.25;828.46;796.46;840.60;727.25;756.83;769.17;793.42;847.97;903.41;747.22;793.61;806.66;876.46;808.24
15,C-R-EoH,783.8258576399182,857.0407214345591,46.83308459416425,877.808740527026,1.1025,45.0222548047255,0.949708410006399,0.3044726092719386,741.36;733.63;1029.18;768.72;802.12;722.06;667.49;806.65;726.15;740.67;722.41;765.41;760.14;741.36;741.36;741.36;759.15;791.61;718.87;756.02;777.55;844.55;854.72;837.58;773.89;733.25;828.46;796.46;840.60;727.25;756.83;769.17;793.42;847.97;903.41;747.22;793.61;806.66;876.46;808.24
16,Classical heuristic,888.2886882845553,1035.1643046417278,105.70700107670373,1063.1388253761227,0.684184447606429,62.5377613757728,1.0,0.0,766.69;739.95;747.46;1160.27;916.63;716.52;900.66;1058.28;921.21;954.76;773.29;806.96;774.55;766.69;766.69;766.69;1155.51;760.46;923.29;996.99;984.14;1023.69;906.00;795.13;850.11;1021.91;974.68;994.25;771.75;814.34;719.65;810.81;1053.20;987.92;992.10;993.72;751.57;864.01;894.90;954.09
16,Deterministic AHD,888.2886882845553,1035.1643046417278,105.70700107670373,1063.1388253761227,0.684184447606429,62.5377613757728,1.0,0.0,766.69;739.95;747.46;1160.27;916.63;716.52;900.66;1058.28;921.21;954.76;773.29;806.96;774.55;766.69;766.69;766.69;1155.51;760.46;923.29;996.99;984.14;1023.69;906.00;795.13;850.11;1021.91;974.68;994.25;771.75;814.34;719.65;810.81;1053.20;987.92;992.10;993.72;751.57;864.01;894.90;954.09
16,MO AHD (no fuzzy risk),901.9213283473289,1071.207752825608,123.32914674194157,1098.494268839132,0.9921233564416028,66.45748553346381,1.0660610965818316,0.0,766.73;732.59;727.54;1207.73;932.52;691.54;921.78;1093.29;944.57;986.89;763.81;824.41;777.79;766.73;766.73;766.73;1197.41;748.70;936.92;1032.93;1020.27;1063.80;928.50;789.33;865.58;1057.94;1006.70;1028.22;765.17;806.79;679.65;819.62;1082.97;1017.38;1024.56;1028.01;733.74;876.75;916.83;977.72
16,C-R-EoH,860.59172096732,935.8719316090815,53.927925752003446,940.7912596350783,1.0995546215102905,49.12500437057556,0.7767235410208332,0.0,806.69;760.92;779.73;1032.97;873.01;753.21;868.71;937.32;877.83;894.76;804.75;829.76;810.08;806.69;806.69;806.69;1006.83;796.89;876.29;913.17;910.62;925.52;871.40;814.26;846.23;927.19;902.68;911.29;798.62;821.80;759.65;827.85;937.31;906.95;910.10;911.21;791.48;850.70;866.73;889.11
17,Classical heuristic,781.5745458956968,901.7918605346508,82.6459159082581,956.9963051925167,0.5843951565423667,52.362656447838,1.0,0.0,685.97;629.80;805.24;1136.51;909.01;642.15;966.49;821.54;705.35;659.44;680.04;743.99;715.37;685.97;685.97;685.97;710.08;691.94;801.62;774.59;830.86;776.16;863.84;680.21;835.27;666.04;859.51;830.17;822.97;847.76;806.97;738.20;741.53;956.50;789.60;679.78;919.92;806.83;865.66;808.14
17,Deterministic AHD,781.5745458956968,901.7918605346508,82.6459159082581,956.9963051925167,0.5843951565423667,52.362656447838,1.0,0.0,685.97;629.80;805.24;1136.51;909.01;642.15;966.49;821.54;705.35;659.44;680.04;743.99;715.37;685.97;685.97;685.97;710.08;691.94;801.62;774.59;830.86;776.16;863.84;680.21;835.27;666.04;859.51;830.17;822.97;847.76;806.97;738.20;741.53;956.50;789.60;679.78;919.92;806.83;865.66;808.14
17,MO AHD (no fuzzy risk),886.0818495748699,939.4293816822133,38.337463509390055,959.077857943377,0.5996408424734376,19.213715595860336,0.55,0.0,845.97;789.80;889.58;1034.60;942.27;802.15;966.60;906.72;855.71;819.44;840.04;876.72;856.88;845.97;845.97;845.97;858.52;850.41;900.65;889.84;911.23;890.46;925.53;840.21;914.11;826.04;921.41;912.07;909.19;919.11;902.79;869.70;873.43;958.68;893.45;839.78;947.97;902.54;919.58;902.18
17,C-R-EoH,771.7975551284823,836.2697607917617,43.562140525057615,862.5263801719613,1.1025,40.05799338184473,1.1176244788789444,0.8810844746466061,725.97;669.80;791.11;1026.51;826.27;682.15;862.20;786.72;735.71;699.44;720.04;756.72;736.88;725.97;725.97;725.97;738.52;730.41;780.65;771.52;795.02;770.46;813.52;720.21;794.11;706.04;806.93;793.59;789.19;810.32;782.79;749.70;753.43;868.72;773.45;719.78;836.66;783.77;801.39;784.27
18,Classical heuristic,887.1913732384634,1062.3766785592352,113.85387249690908,1122.6674216705187,0.32580098196977303,69.4155610834521,1.0,0.0,760.57;980.76;627.89;1202.14;836.60;828.27;793.75;830.07;866.93;863.24;816.01;768.89;830.79;760.57;760.57;760.57;1122.05;859.97;794.84;1005.09;1000.62;733.25;1045.66;1024.69;830.31;779.02;1002.69;1097.50;921.82;933.85;696.04;1106.09;1008.31;819.37;999.27;868.89;838.23;805.90;772.19;1134.41
18,Deterministic AHD,882.1830627408348,1070.3210879400388,123.0757309508728,1130.9306767119847,0.2998133451182691,72.82860543224301,1.050247216699816,0.0,751.42;986.87;587.89;1220.14;817.37;825.21;782.00;816.70;861.29;866.97;814.59;761.61;830.20;751.42;751.42;751.42;1130.20;849.64;779.09;1015.07;1003.33;713.45;1056.08;1032.39;808.98;765.53;1001.10;1109.76;920.23;943.31;656.04;1117.33;1010.52;815.21;1003.04;866.21;823.07;781.00;765.34;1144.90
18,MO AHD (no fuzzy risk),882.1830627408348,1070.3210879400388,123.0757309508728,1130.9306767119847,0.2998133451182691,72.82860543224301,1.050247216699816,0.0,751.42;986.87;587.89;1220.14;817.37;825.21;782.00;816.70;861.29;866.97;814.59;761.61;830.20;751.42;751.42;751.42;1130.20;849.64;779.09;1015.07;1003.33;713.45;1056.08;1032.39;808.98;765.53;1001.10;1109.76;920.23;943.31;656.04;1117.33;1010.52;815.21;1003.04;866.21;823.07;781.00;765.34;1144.90
18,C-R-EoH,853.1733243207815,940.0647366337033,56.45162730568808,966.276493664751,1.0914507454771494,53.06835412765349,0.7597058268423016,0.0,800.57;905.60;667.89;1055.32;816.56;825.58;812.80;823.83;844.52;846.79;825.84;804.64;832.08;800.57;800.57;800.57;967.61;838.82;805.63;911.45;905.83;771.21;925.16;912.96;819.56;806.21;900.44;955.28;868.09;877.32;736.04;958.88;913.01;828.74;903.47;845.60;829.23;812.40;804.08;966.21
19,Classical heuristic,867.4975965165752,985.9190882479238,79.43756222907822,1016.041265308877,0.3513239962911544,42.35265161671792,1.0,0.0,769.26;825.09;1038.50;1092.75;961.05;781.49;993.27;812.77;930.59;814.05;777.35;783.30;824.23;769.26;769.26;769.26;999.51;1014.86;864.44;719.81;917.49;765.31;858.08;798.26;790.24;947.38;901.83;842.87;920.94;956.64;868.14;757.16;765.46;862.74;888.38;957.01;1002.19;875.90;937.29;776.51
19,Deterministic AHD,834.9109083955136,927.8025653957908,60.30405782136211,959.4975089961589,0.8920154922954432,39.10963046459007,0.9851426027645808,0.2025763323847929,769.26;803.04;981.61;1030.90;905.39;754.38;932.88;798.14;882.14;801.19;769.64;773.60;796.58;769.26;769.26;769.26;937.41;958.33;822.62;719.81;868.60;750.60;826.90;787.87;780.94;890.21;858.83;809.01;856.26;893.89;838.66;742.20;757.70;819.38;843.51;900.24;935.37;835.00;885.26;771.33
19,MO AHD (no fuzzy risk),830.3032081797348,914.2436961784937,55.401416277450906,943.8299128065122,1.0912206701845086,39.73829753446399,0.9285123262610722,0.03188805809267947,769.26;810.23;980.67;1019.14;896.91;753.96;914.77;797.87;873.79;800.75;769.64;773.60;796.58;769.26;769.26;769.26;925.91;941.89;815.48;719.81;865.15;750.60;828.54;787.87;780.94;875.42;857.85;810.28;848.55;880.35;836.95;742.20;757.70;814.24;840.38;875.39;920.37;833.68;866.30;771.33
19,C-R-EoH,826.6383586692979,908.6029394414662,53.0301039887965,936.4799409418351,1.10147874222956,40.35781854499739,1.016192992591863,0.36262319866116466,769.26;801.43;971.56;1016.51;889.54;753.96;911.21;794.94;864.99;799.43;769.64;773.60;796.58;769.26;769.26;769.26;922.40;934.63;815.48;719.81;856.22;750.60;823.32;787.87;780.94;872.68;850.53;799.82;835.44;872.62;833.86;742.20;757.70;814.24;834.17;871.89;917.42;822.16;857.79;771.33
20,Classical heuristic,764.0622307398365,904.4757694484547,96.36461922542989,970.799564804127,0.6098861997565108,65.72696836513705,1.0,0.0,656.03;980.65;545.91;578.90;878.98;977.31;841.86;688.28;819.84;692.97;712.91;672.25;678.89;656.03;656.03;656.03;891.23;962.11;742.30;770.40;754.03;902.59;669.92;895.90;708.76;856.20;846.36;665.47;850.08;740.26;617.60;790.70;757.25;824.37;671.74;818.60;802.80;732.51;627.98;970.46
20,Deterministic AHD,737.9042485698307,862.9604179908409,83.27783598325837,933.9240917589979,0.8656825251144051,70.4588022351419,0.9424889169689417,0.0,656.03;946.80;545.91;578.90;841.37;943.21;791.63;674.45;774.54;669.44;689.04;660.84;665.45;656.03;656.03;656.03;852.57;929.04;706.60;717.29;728.03;860.21;656.96;847.12;681.67;805.84;806.11;655.97;798.20;716.34;617.60;767.21;741.30;777.45;661.85;767.13;764.68;689.88;627.98;933.44
20,MO AHD (no fuzzy risk),737.7445588793,862.8956790186693,83.13556868628628,933.9240917589976,0.8665171827302199,70.49569917060491,0.925822601203795,0.0,656.03;946.80;545.91;578.90;841.37;943.21;792.64;667.76;767.11;670.55;688.81;660.84;665.45;656.03;656.03;656.03;852.57;929.04;708.47;718.71;723.06;860.21;656.96;844.70;681.67;805.84;805.01;655.97;799.93;721.99;617.60;768.71;739.76;777.12;661.85;769.99;764.68;691.07;627.98;933.44
20,C-R-EoH,741.1184987478034,810.166683167209,47.62695725644103,840.8357649179962,1.0993634948367257,54.8770872260945,0.9142329426325633,0.3844236282501912,696.03;858.06;585.91;618.90;799.95;845.34;775.13;707.76;766.84;709.44;722.19;700.84;705.45;696.03;696.03;696.03;805.99;840.60;731.85;744.50;741.70;804.08;696.96;803.31;721.67;782.34;781.39;695.97;787.17;735.13;657.60;760.79;740.22;770.85;701.85;763.19;763.92;727.08;667.98;838.64
21,Classical heuristic,844.3444926839766,969.1897175719915,81.21046889369036,1032.408039963257,0.4673175683972986,61.46791354055904,1.0,0.0,739.58;691.06;1102.28;864.06;973.43;1017.69;799.52;799.95;834.33;750.06;780.68;714.21;745.96;739.58;739.58;739.58;874.47;749.62;845.50;910.74;829.60;787.28;777.71;892.38;900.78;841.34;884.24;868.44;932.42;906.41;751.26;795.84;923.82;855.42;1031.58;788.83;780.91;774.91;1048.14;990.61
21,Deterministic AHD,818.1407702665643,949.6100154632708,84.56352499612865,1015.8246421156562,0.6174036920308889,65.19643953411656,1.021730797776843,0.0,707.87;651.06;1087.90;824.69;940.42;1001.16;776.59;768.15;815.65;717.21;749.29;674.21;717.36;707.87;707.87;707.87;843.93;703.42;810.98;892.60;810.92;762.60;749.33;866.12;884.82;823.03;861.49;835.76;911.51;885.08;728.95;779.48;905.09;833.59;1015.05;761.99;746.77;752.41;1030.62;974.95
21,MO AHD (no fuzzy risk),791.6330220646481,866.3265396331559,46.451576346513114,913.0396045807042,1.1025,56.83269750664483,0.918016639125314,0.21297485184839787,739.58;691.06;978.12;802.41;854.06;899.82;767.99;766.96;783.07;731.52;758.53;714.21;744.78;739.58;739.58;739.58;797.57;725.24;774.02;817.04;779.83;764.48;758.34;808.92;819.23;785.43;805.82;791.33;833.86;825.50;743.69;767.29;836.38;793.44;912.64;761.77;752.46;749.87;920.62;889.72
21,C-R-EoH,791.6330220646481,866.3265396331559,46.451576346513114,913.0396045807042,1.1025,56.83269750664483,0.918016639125314,0.21297485184839787,739.58;691.06;978.12;802.41;854.06;899.82;767.99;766.96;783.07;731.52;758.53;714.21;744.78;739.58;739.58;739.58;797.57;725.24;774.02;817.04;779.83;764.48;758.34;808.92;819.23;785.43;805.82;791.33;833.86;825.50;743.69;767.29;836.38;793.44;912.64;761.77;752.46;749.87;920.62;889.72
22,Classical heuristic,765.9108151051153,871.6160016699017,70.73438465797707,924.6193568920402,0.5858316173977359,59.42872637238615,1.0,0.0,684.28;684.62;940.09;737.68;667.87;767.16;788.98;652.35;718.33;858.18;712.21;688.54;683.26;684.28;684.28;684.28;793.41;922.46;748.76;686.73;820.20;776.86;783.75;923.80;866.66;788.21;791.57;815.32;684.30;808.56;855.12;737.83;662.36;678.86;783.57;886.32;943.06;819.61;663.30;759.41
22,Deterministic AHD,765.6304868788859,870.9702012316305,71.692378212007,924.6193568920401,0.5926302991758138,59.487099664515846,1.12,0.3189544329929431,684.28;685.58;940.09;747.89;667.87;772.69;797.36;652.35;706.24;858.18;704.43;688.54;682.18;684.28;684.28;684.28;798.98;922.46;738.53;691.80;820.20;774.16;790.09;923.80;866.66;788.21;786.07;815.32;684.30;800.81;855.12;724.10;662.36;676.55;785.04;886.32;943.06;819.61;663.30;767.85
22,MO AHD (no fuzzy risk),759.9983167352132,810.838298232839,35.440569201829206,836.5575704016783,1.1025,46.19530506901801,0.9715348081765853,0.5062699983313748,724.28;709.41;846.30;747.69;707.17;764.54;770.50;692.35;736.50;803.27;736.41;727.44;720.56;724.28;724.28;724.28;777.36;831.35;752.42;717.69;788.08;769.66;773.50;836.04;806.66;775.28;774.43;786.13;721.40;780.32;802.05;744.83;702.36;716.55;773.43;814.53;847.47;787.84;703.30;757.96
22,C-R-EoH,759.9983167352132,810.838298232839,35.440569201829206,836.5575704016783,1.1025,46.19530506901801,0.9715348081765853,0.5062699983313748,724.28;709.41;846.30;747.69;707.17;764.54;770.50;692.35;736.50;803.27;736.41;727.44;720.56;724.28;724.28;724.28;777.36;831.35;752.42;717.69;788.08;769.66;773.50;836.04;806.66;775.28;774.43;786.13;721.40;780.32;802.05;744.83;702.36;716.55;773.43;814.53;847.47;787.84;703.30;757.96
23,Classical heuristic,880.1164988417131,1010.3890376161609,93.33072932850936,1046.136198652687,0.6291983927642041,72.83657930152701,1.0,0.0,749.15;868.61;1030.43;831.60;774.84;1111.95;798.05;729.89;729.89;846.63;882.29;803.24;816.35;749.15;749.15;749.15;1162.78;905.00;941.43;928.39;932.98;915.75;837.73;892.45;994.42;914.78;930.07;740.02;733.83;987.86;1042.67;986.61;977.52;925.27;813.39;961.16;930.39;734.23;800.71;994.86
23,Deterministic AHD,855.2017654063156,988.5457546275217,96.21377213005387,1022.5568309059186,0.7313819364800762,75.92464977275665,1.1144489395142165,0.11731523638360265,723.38;837.74;1012.70;808.46;764.75;1092.58;767.09;693.43;693.43;821.50;857.16;778.12;793.28;723.38;723.38;723.38;1138.26;879.31;920.97;909.26;908.46;890.04;808.96;872.88;973.21;894.72;904.68;705.64;697.11;966.60;1018.87;961.94;956.04;906.49;789.69;941.56;907.21;696.82;775.02;970.55
23,MO AHD (no fuzzy risk),855.2017654063156,988.5457546275217,96.21377213005387,1022.5568309059186,0.7313819364800762,75.92464977275665,1.1144489395142165,0.11731523638360265,723.38;837.74;1012.70;808.46;764.75;1092.58;767.09;693.43;693.43;821.50;857.16;778.12;793.28;723.38;723.38;723.38;1138.26;879.31;920.97;909.26;908.46;890.04;808.96;872.88;973.21;894.72;904.68;705.64;697.11;966.60;1018.87;961.94;956.04;906.49;789.69;941.56;907.21;696.82;775.02;970.55
23,C-R-EoH,811.8303150037096,889.5550408087432,51.54543390931617,918.1793590392444,1.1025,71.77366807682226,0.8634941344348105,0.0,749.15;800.40;914.79;777.65;754.17;982.58;761.28;729.89;729.89;788.60;802.87;771.25;777.31;749.15;749.15;749.15;1028.26;819.35;828.39;835.75;829.86;816.02;783.58;809.15;866.12;827.50;830.33;735.05;726.71;858.42;910.24;870.58;860.34;829.59;775.88;846.02;830.49;727.25;770.01;871.07
24,Classical heuristic,907.1309117620494,1095.082594383995,126.66756968241414,1175.1246773327255,0.14540527961905494,80.16621734683298,1.0,0.0,735.48;766.35;1148.14;1313.91;967.10;664.39;1172.39;779.39;1077.48;937.38;765.94;738.93;801.30;735.48;735.48;735.48;885.02;963.56;889.02;922.05;982.45;970.12;864.42;1143.60;998.22;960.52;985.77;1020.99;1090.44;829.93;826.79;871.78;743.54;796.32;1227.11;810.79;729.05;980.49;890.00;828.65
24,Deterministic AHD,869.2749622938081,1061.7013225972403,129.52735590545825,1141.9583666964072,0.3395928076802674,84.98328176210829,1.0102768309974397,0.0,697.27;711.32;1107.87;1286.39;922.98;624.39;1138.98;730.51;1047.82;898.28;725.82;698.93;765.56;697.27;697.27;697.27;854.91;930.94;841.35;891.47;950.18;938.80;823.02;1111.81;965.31;914.60;939.80;990.15;1056.82;787.73;786.79;819.40;702.56;753.23;1198.54;777.31;686.48;946.75;856.68;798.44
24,MO AHD (no fuzzy risk),847.8609170906166,938.3068203092753,59.72845571912313,978.306320401126,1.0255519975065575,63.70767006814036,0.8881968819032477,0.3738595914211361,775.48;763.88;973.63;1097.43;866.75;704.39;977.38;786.13;919.13;859.31;787.02;770.11;806.22;775.48;775.48;775.48;841.97;872.37;835.45;856.59;880.07;875.52;829.21;948.85;886.12;865.84;877.02;896.06;929.36;808.61;804.94;826.46;772.18;791.81;995.92;807.52;760.21;878.70;842.67;817.66
24,C-R-EoH,847.8609170906166,938.3068203092753,59.72845571912313,978.306320401126,1.0915010159355523,63.70767006814036,0.8881968819032477,0.3738595914211361,775.48;763.88;973.63;1097.43;866.75;704.39;977.38;786.13;919.13;859.31;787.02;770.11;806.22;775.48;775.48;775.48;841.97;872.37;835.45;856.59;880.07;875.52;829.21;948.85;886.12;865.84;877.02;896.06;929.36;808.61;804.94;826.46;772.18;791.81;995.92;807.52;760.21;878.70;842.67;817.66
25,Classical heuristic,715.7747462513307,830.5825297508954,72.33201707485462,865.3313726841234,0.5867239343647571,48.32155464163966,1.0,0.0,657.58;604.56;689.54;621.99;747.07;630.89;875.92;648.94;626.02;708.30;651.20;698.93;641.80;657.58;657.58;657.58;813.06;642.30;801.71;858.05;798.27;730.37;755.06;665.29;715.39;705.99;877.35;855.89;619.86;672.04;864.77;642.27;784.26;738.83;855.04;827.61;655.78;636.83;682.98;656.52
25,Deterministic AHD,700.105055833205,796.6841860355636,59.37086552847759,831.1780203001873,0.9329076812579463,48.37511790487122,0.9438214679333616,0.0,657.58;604.56;676.49;621.99;719.39;630.89;841.15;648.94;626.02;684.07;651.20;679.88;641.80;657.58;657.58;657.58;777.96;642.30;764.60;823.20;768.65;698.58;720.65;658.23;692.03;685.77;844.04;820.63;619.86;668.01;830.65;642.27;749.54;709.28;825.07;794.06;653.54;636.83;668.47;653.28
25,MO AHD (no fuzzy risk),760.7396514501941,816.6780991882861,36.64245419367182,830.6716020315944,1.0823294565876256,20.50913431619666,0.6955149289594662,0.1225291041401794,737.58;684.56;747.82;701.99;785.17;710.89;834.15;728.94;706.02;764.07;731.20;757.11;721.80;737.58;737.58;737.58;811.19;722.30;802.41;826.30;803.03;773.83;781.22;738.23;767.94;765.03;837.62;826.80;699.86;748.01;830.49;722.27;797.64;773.93;830.03;815.31;733.54;716.83;748.47;733.28
25,C-R-EoH,720.7578056197868,776.7386130869282,36.66242378022376,790.6716020315945,1.0823294565876256,29.13564187055671,0.8647487079728338,0.35329646918570645,697.58;644.56;707.82;661.99;745.17;670.89;794.15;688.94;666.02;724.07;691.20;717.11;681.80;697.58;697.58;697.58;771.19;682.30;762.41;787.03;763.03;733.83;741.22;698.23;727.94;725.03;797.62;786.80;659.86;708.01;790.49;682.27;757.64;733.93;790.03;775.31;693.54;676.83;708.47;693.28
26,Classical heuristic,882.5422302066502,1092.4306738377918,128.10875307239704,1209.95443140173,0.15738851841998677,69.84244759169448,1.0,0.0,750.01;1116.93;726.85;882.20;1208.21;658.48;738.10;744.20;743.92;983.47;749.94;837.76;837.76;750.01;750.01;750.01;1287.63;873.04;887.63;800.24;721.11;869.16;1044.69;827.70;739.66;1243.04;867.47;767.84;753.44;699.24;920.97;986.56;1069.75;838.77;1095.80;833.14;943.61;1173.32;873.87;956.15
26,Deterministic AHD,866.8823588796644,1088.4152632865025,136.99866803721432,1215.8903862884729,0.1976357891079086,74.5532125841536,1.0507896909915873,0.0,726.36;1114.58;686.71;891.46;1214.00;618.48;714.92;721.93;705.14;967.86;713.48;829.98;829.98;726.36;726.36;726.36;1296.72;848.86;877.77;802.36;681.11;860.11;1024.44;817.67;706.29;1251.79;843.28;743.29;746.27;659.24;912.99;980.79;1065.67;823.06;1079.94;807.70;936.96;1178.81;866.78;949.42
26,MO AHD (no fuzzy risk),848.3049260298369,956.1077760916834,65.76932333559785,1021.1037686988892,1.0819828488369718,52.45809585833612,0.7389395905483909,0.0,790.01;975.57;758.07;850.36;1019.37;698.48;773.43;781.47;779.88;887.14;783.97;831.99;831.99;790.01;790.01;790.01;1090.44;838.45;851.11;816.68;761.11;844.04;918.61;827.07;770.17;1054.03;836.77;774.31;787.22;739.24;865.20;892.32;938.23;829.22;948.42;821.92;874.79;994.60;846.71;879.77
26,C-R-EoH,848.3049260298369,956.1077760916834,65.76932333559785,1021.1037686988892,1.0819828488369718,52.45809585833612,0.7389395905483909,0.0,790.01;975.57;758.07;850.36;1019.37;698.48;773.43;781.47;779.88;887.14;783.97;831.99;831.99;790.01;790.01;790.01;1090.44;838.45;851.11;816.68;761.11;844.04;918.61;827.07;770.17;1054.03;836.77;774.31;787.22;739.24;865.20;892.32;938.23;829.22;948.42;821.92;874.79;994.60;846.71;879.77
27,Classical heuristic,781.445087973588,909.8127157921449,85.97657747140224,931.3716274319055,0.7306491956109961,61.995489403800086,1.0,0.0,690.70;843.96;728.51;622.09;658.14;639.24;879.92;662.40;793.01;913.46;767.84;756.72;709.21;690.70;690.70;690.70;714.52;891.63;931.30;649.14;706.00;664.84;748.04;932.76;765.13;910.44;694.91;842.78;773.48;713.70;1092.15;925.54;864.70;735.57;812.65;790.52;823.05;838.80;889.10;809.76
27,Deterministic AHD,780.4214528175912,909.9168429030141,86.6603999844478,931.3716274319054,0.7333585394150152,62.2079698237936,0.9923360807751753,0.0,690.70;847.71;725.44;622.09;658.14;639.24;881.36;662.40;781.52;913.46;770.59;750.59;704.11;690.70;690.70;690.70;705.83;887.93;931.30;649.14;697.75;664.84;738.59;932.76;771.52;910.44;692.25;840.33;774.21;708.38;1092.15;925.20;864.70;738.15;812.65;790.52;823.05;835.47;891.65;818.59
27,MO AHD (no fuzzy risk),770.7862193686901,841.0559021112152,46.13102713503578,848.0660819319268,1.0820499309077756,49.964512291295364,0.8222168453400819,0.0,730.70;805.40;749.20;662.09;698.14;679.24;817.88;702.40;773.73;832.35;765.96;759.27;736.01;730.70;730.70;730.70;736.24;831.27;847.76;689.14;724.90;704.84;755.44;847.29;766.05;836.25;720.56;796.13;767.74;740.43;986.36;853.94;810.23;754.23;785.06;776.21;789.22;795.98;827.81;783.91
27,C-R-EoH,770.0194227863137,837.3780157956791,44.85368710499558,845.1817631293374,1.1025,50.113849141899195,1.0847143710660752,0.7440093232473841,730.70;803.42;755.30;662.09;698.14;679.24;811.97;702.40;772.09;825.39;765.96;759.27;736.01;730.70;730.70;730.70;736.24;825.98;844.60;689.14;724.90;704.84;755.44;842.16;766.05;830.30;720.56;796.16;774.14;740.73;982.15;856.22;806.47;754.23;789.16;776.21;789.22;794.19;823.73;783.91
28,Classical heuristic,951.5329961082483,1245.3736076729613,190.81740550662911,1332.9464320773293,0.2397475853283976,85.58290758362308,1.0,0.0,763.76;959.89;709.26;1475.53;1330.28;792.63;996.59;764.93;784.99;1135.30;808.55;768.94;788.13;763.76;763.76;763.76;828.08;785.09;794.80;960.83;712.13;697.56;1137.68;802.94;991.78;1224.48;1207.53;1282.12;1201.42;1042.44;712.16;1216.31;1047.92;1383.63;764.11;927.07;824.81;796.15;1075.12;1275.08
28,Deterministic AHD,960.0037022295737,1279.097814627619,211.3158463650298,1373.932688371265,0.1250904061723751,89.72455863411892,1.1023326196257752,0.039233624182680026,759.39;985.61;673.51;1508.77;1371.56;775.48;1025.03;754.60;761.10;1167.51;816.94;758.17;785.44;759.39;759.39;759.39;847.83;778.78;791.70;986.54;672.13;657.56;1167.42;800.01;1012.63;1259.76;1242.07;1316.67;1230.04;1070.52;676.50;1243.45;1076.87;1418.97;762.57;948.09;814.16;781.61;1109.27;1313.69
28,MO AHD (no fuzzy risk),914.291026609563,1171.8356723275535,163.30829631751538,1263.932688371265,1.0213052974958006,87.17921724250685,1.0398967431267148,0.2530839198749349,763.76;924.00;709.26;1398.77;1261.56;779.54;944.95;752.47;777.06;1057.51;792.17;760.00;774.17;763.76;763.76;763.76;802.87;768.02;777.36;901.82;712.13;697.56;1078.00;791.53;938.38;1149.76;1132.07;1218.94;1120.04;970.85;700.21;1133.45;968.91;1308.97;763.48;876.49;804.04;767.30;999.27;1203.69
28,C-R-EoH,924.0329721543796,1063.2625348799786,91.05819592567136,1099.3516739510608,1.0947545514006496,61.483304911991304,0.9009870957620049,0.49088969865560994,843.76;925.97;789.26;1221.60;1097.79;844.87;950.01;831.13;839.67;1007.00;866.78;840.00;854.17;843.76;843.76;843.76;879.13;848.02;856.62;934.62;792.13;777.56;1007.82;860.00;945.05;1043.91;1036.83;1088.66;1032.01;968.21;780.21;1038.62;970.75;1129.04;843.48;919.23;862.95;847.30;983.71;1072.17
29,Classical heuristic,741.5330560891537,813.8529753812754,50.550830323309626,835.16676356249,0.7723848825702211,39.62036671621551,1.0,0.0,685.81;827.22;838.33;631.86;820.58;718.35;658.91;669.81;679.72;791.16;702.53;698.46;702.53;685.81;685.81;685.81;809.64;838.28;779.94;729.32;692.51;795.27;829.13;687.02;765.76;734.20;786.30;711.08;835.00;806.85;689.42;787.70;769.29;741.01;787.07;740.53;749.55;737.33;663.92;712.48
29,Deterministic AHD,739.269143883421,813.1984490442036,51.079486000032986,835.1667635624899,0.7982452008259395,40.04793528849122,0.984791846064248,0.005823576445222078,685.81;821.74;838.33;631.86;820.58;718.82;658.91;669.81;679.14;791.16;695.99;694.16;695.99;685.81;685.81;685.81;809.64;838.28;775.98;723.34;691.83;794.30;829.13;681.17;762.72;728.15;786.30;706.94;835.00;806.85;684.57;781.18;766.91;741.01;787.07;737.01;742.25;731.08;663.92;706.42
29,MO AHD (no fuzzy risk),739.269143883421,813.1984490442036,51.079486000032986,835.1667635624899,0.7982452008259395,40.04793528849122,0.984791846064248,0.005823576445222078,685.81;821.74;838.33;631.86;820.58;718.82;658.91;669.81;679.14;791.16;695.99;694.16;695.99;685.81;685.81;685.81;809.64;838.28;775.98;723.34;691.83;794.30;829.13;681.17;762.72;728.15;786.30;706.94;835.00;806.85;684.57;781.18;766.91;741.01;787.07;737.01;742.25;731.08;663.92;706.42
29,C-R-EoH,750.1280946014849,785.0943554756501,25.20755450509409,793.1579246576586,1.0678687407651575,23.505610588790763,0.8849369179004887,0.2762252660950556,725.81;788.70;793.11;671.86;788.23;741.31;698.91;709.81;719.14;776.46;732.48;733.03;732.48;725.81;725.81;725.81;783.86;795.31;769.41;748.81;731.83;777.72;791.65;721.17;763.48;748.91;774.52;741.01;794.00;782.74;722.56;772.13;766.76;756.41;774.83;754.80;750.77;751.82;703.92;737.94
